timestamp,temperatura_c,umidade_percent,ph,fosforo_mg_kg,potassio_mg_kg
2025-06-19 00:00:00,22.2,68.6,5.4,49.3,297.5
2025-06-19 00:43:00,21.9,69.7,5.5,49.4,294.6
2025-06-19 01:26:00,22.3,68.4,5.5,49.0,295.7
2025-06-19 02:09:00,22.8,69.4,5.6,49.2,297.5
2025-06-19 02:52:00,21.9,66.2,5.4,50.4,302.6
2025-06-19 03:35:00,21.9,70.4,5.6,50.5,296.7
2025-06-19 04:18:00,22.8,69.9,5.2,51.0,300.3
2025-06-19 05:01:00,22.4,68.3,5.4,48.7,301.7
2025-06-19 05:44:00,21.8,71.2,5.5,51.3,295.4
2025-06-19 06:27:00,22.3,71.8,5.6,48.8,297.7
2025-06-19 07:10:00,21.8,66.7,5.5,49.9,295.6
2025-06-19 07:53:00,21.8,68.4,5.4,51.1,299.6
2025-06-19 08:36:00,22.2,68.3,5.4,50.6,297.3
2025-06-19 09:19:00,21.1,68.0,5.5,50.9,295.7
2025-06-19 10:02:00,21.2,71.5,5.5,50.4,294.5
2025-06-19 10:45:00,21.8,69.5,5.5,49.4,300.8
2025-06-19 11:28:00,21.5,69.3,5.5,52.3,294.4
2025-06-19 12:11:00,22.2,65.8,5.6,49.8,293.3
2025-06-19 12:54:00,21.6,71.1,5.5,50.0,302.7
2025-06-19 13:37:00,21.4,67.3,5.5,50.9,299.3
2025-06-19 14:20:00,22.8,69.9,5.7,49.1,285.3
2025-06-19 15:03:00,22.0,70.3,5.4,51.0,296.1
2025-06-19 15:46:00,22.1,72.5,5.3,53.3,292.5
2025-06-19 16:29:00,21.4,67.2,5.6,49.2,292.2
2025-06-19 17:12:00,21.8,63.7,5.5,49.9,288.5
2025-06-19 17:55:00,22.1,70.1,5.5,50.2,295.7
2025-06-19 18:38:00,21.5,73.3,5.4,51.3,292.7
2025-06-19 19:21:00,22.3,72.2,5.5,48.5,295.7
2025-06-19 20:04:00,21.8,70.1,5.7,47.1,288.3
2025-06-19 20:47:00,21.9,68.7,5.6,48.9,294.9
2025-06-19 21:30:00,21.8,71.3,5.6,47.8,292.7
2025-06-19 22:13:00,23.0,67.7,5.4,50.1,302.6
2025-06-19 22:56:00,22.1,70.6,5.4,50.9,301.4
2025-06-19 23:39:00,21.6,70.7,5.2,50.4,302.0
2025-06-20 00:22:00,22.5,71.8,5.5,48.8,295.4
2025-06-20 01:05:00,21.5,75.2,5.6,49.4,299.0
2025-06-20 01:48:00,22.2,70.4,5.6,50.4,289.9
2025-06-20 02:31:00,21.1,68.6,5.5,48.2,291.8
2025-06-20 03:14:00,21.4,69.6,5.5,50.6,295.3
2025-06-20 03:57:00,22.2,66.1,5.5,51.0,304.0
2025-06-20 04:40:00,22.5,68.2,5.6,50.7,294.8
2025-06-20 05:23:00,22.2,68.8,5.6,50.6,293.9
2025-06-20 06:06:00,22.1,68.5,5.4,52.8,293.8
2025-06-20 06:49:00,22.0,69.9,5.6,49.3,297.8
2025-06-20 07:32:00,21.4,67.9,5.6,49.4,297.2
2025-06-20 08:15:00,21.8,71.8,5.5,49.6,298.0
2025-06-20 08:58:00,21.9,69.5,5.6,49.4,292.5
2025-06-20 09:41:00,22.7,69.5,5.8,49.9,289.1
2025-06-20 10:24:00,22.3,68.9,5.5,48.5,291.8
2025-06-20 11:07:00,21.3,69.8,5.6,48.7,295.0
2025-06-20 11:50:00,22.3,71.1,5.5,51.5,292.9
2025-06-20 12:33:00,22.0,67.8,5.6,50.7,291.9
2025-06-20 13:16:00,21.8,68.2,5.6,49.1,293.6
2025-06-20 13:59:00,22.5,68.9,5.6,50.5,293.7
2025-06-20 14:42:00,22.7,66.8,5.5,50.6,295.8
2025-06-20 15:25:00,22.6,67.8,5.6,51.1,296.7
2025-06-20 16:08:00,21.7,68.5,5.7,49.1,293.5
2025-06-20 16:51:00,22.0,71.2,5.6,50.5,293.4
2025-06-20 17:34:00,22.3,69.9,5.7,51.9,294.2
2025-06-20 18:17:00,22.7,69.8,5.5,50.4,292.5
2025-06-20 19:00:00,21.9,71.1,5.6,49.4,294.1
2025-06-20 19:43:00,22.1,69.1,5.6,50.3,295.3
2025-06-20 20:26:00,21.6,70.2,5.5,49.8,292.0
2025-06-20 21:09:00,21.6,69.2,5.6,51.9,297.7
2025-06-20 21:52:00,22.6,69.9,5.5,50.4,293.9
2025-06-20 22:35:00,22.9,68.2,5.5,49.7,296.6
2025-06-20 23:18:00,22.2,64.5,5.6,48.7,299.3
2025-06-21 00:01:00,22.7,69.1,5.6,50.6,297.5
2025-06-21 00:44:00,22.4,72.2,5.4,51.1,296.4
2025-06-21 01:27:00,21.9,71.2,5.7,48.6,292.1
2025-06-21 02:10:00,22.4,71.2,5.6,49.9,296.7
2025-06-21 02:53:00,23.0,71.8,5.5,48.5,297.7
2025-06-21 03:36:00,22.2,69.5,5.4,50.6,295.5
2025-06-21 04:19:00,23.0,69.7,5.6,50.2,292.8
2025-06-21 05:02:00,20.9,68.0,5.5,51.6,289.7
2025-06-21 05:45:00,22.6,68.6,5.6,48.8,295.4
2025-06-21 06:28:00,22.3,70.5,5.5,48.5,295.1
2025-06-21 07:11:00,22.1,71.6,5.4,49.7,300.9
2025-06-21 07:54:00,22.3,68.9,5.5,48.5,296.7
2025-06-21 08:37:00,21.2,68.3,5.5,51.1,299.6
2025-06-21 09:20:00,22.1,69.2,5.6,50.8,291.9
2025-06-21 10:03:00,22.4,70.4,5.5,50.3,299.2
2025-06-21 10:46:00,23.0,66.3,5.7,50.0,291.4
2025-06-21 11:29:00,22.0,64.6,5.4,50.7,301.0
2025-06-21 12:12:00,21.8,68.1,5.7,48.8,288.8
2025-06-21 12:55:00,22.0,66.7,5.6,49.4,296.4
2025-06-21 13:38:00,22.7,68.1,5.7,48.8,287.8
2025-06-21 14:21:00,22.4,68.8,5.6,48.0,294.0
2025-06-21 15:04:00,22.0,68.2,5.7,49.3,294.6
2025-06-21 15:47:00,22.5,72.0,5.6,49.7,293.3
2025-06-21 16:30:00,22.3,69.8,5.5,50.8,293.2
2025-06-21 17:13:00,22.8,69.7,5.7,48.9,295.1
2025-06-21 17:56:00,21.9,70.3,5.6,49.4,294.4
2025-06-21 18:39:00,22.1,66.8,5.6,48.6,293.4
2025-06-21 19:22:00,22.1,71.1,5.7,49.0,292.6
2025-06-21 20:05:00,21.6,68.9,5.5,50.8,304.3
2025-06-21 20:48:00,22.4,70.4,5.7,48.1,297.1
2025-06-21 21:31:00,22.4,66.9,5.5,49.9,299.5
2025-06-21 22:14:00,22.3,65.9,5.6,49.8,296.9
2025-06-21 22:57:00,22.2,70.6,5.6,48.8,294.8
2025-06-21 23:40:00,21.6,69.8,5.5,49.7,289.6
2025-06-22 00:23:00,22.1,67.2,5.5,50.1,294.2
2025-06-22 01:06:00,22.1,67.2,5.7,47.7,291.6
2025-06-22 01:49:00,21.9,71.2,5.7,49.4,287.3
2025-06-22 02:32:00,22.2,66.6,5.6,48.6,291.7
2025-06-22 03:15:00,22.5,72.2,5.6,50.4,287.7
2025-06-22 03:58:00,23.3,67.1,5.6,52.0,295.3
2025-06-22 04:41:00,22.4,70.2,5.7,47.9,294.8
2025-06-22 05:24:00,22.5,68.3,5.6,50.1,298.3
2025-06-22 06:07:00,22.3,70.1,5.6,48.6,295.2
2025-06-22 06:50:00,21.4,67.8,5.7,49.9,290.2
2025-06-22 07:33:00,22.3,68.6,5.5,48.6,290.0
2025-06-22 08:16:00,22.4,69.0,5.8,49.1,286.9
2025-06-22 08:59:00,23.6,66.9,5.5,49.3,293.4
2025-06-22 09:42:00,22.2,70.3,5.8,48.4,289.1
2025-06-22 10:25:00,22.5,67.8,5.6,48.6,294.8
2025-06-22 11:08:00,22.3,68.4,5.6,50.4,291.9
2025-06-22 11:51:00,21.8,66.8,5.4,49.5,298.7
2025-06-22 12:34:00,22.9,63.7,5.6,50.2,295.5
2025-06-22 13:17:00,22.7,68.4,5.5,49.6,296.1
2025-06-22 14:00:00,22.8,73.6,5.6,49.6,297.8
2025-06-22 14:43:00,21.9,70.4,5.6,49.6,290.8
2025-06-22 15:26:00,23.1,68.7,5.7,48.1,294.2
2025-06-22 16:09:00,21.7,68.2,5.6,49.5,294.2
2025-06-22 16:52:00,22.7,68.8,5.7,50.8,292.9
2025-06-22 17:35:00,23.5,69.8,5.5,49.1,298.5
2025-06-22 18:18:00,21.9,66.4,5.5,51.0,298.8
2025-06-22 19:01:00,22.1,71.0,5.8,50.0,288.4
2025-06-22 19:44:00,22.4,70.2,5.6,48.9,294.6
2025-06-22 20:27:00,22.1,70.1,5.8,47.1,292.4
2025-06-22 21:10:00,21.6,69.6,5.6,49.8,293.7
2025-06-22 21:53:00,22.4,68.7,5.6,48.8,296.0
2025-06-22 22:36:00,21.9,70.0,5.7,50.7,293.3
2025-06-22 23:19:00,22.6,69.9,5.8,48.7,297.6
2025-06-23 00:02:00,21.9,68.0,5.6,48.6,290.0
2025-06-23 00:45:00,23.2,67.5,5.6,48.4,294.7
2025-06-23 01:28:00,22.0,68.8,5.6,50.4,291.5
2025-06-23 02:11:00,22.3,71.7,5.7,48.6,294.9
2025-06-23 02:54:00,22.8,66.1,5.7,48.9,288.5
2025-06-23 03:37:00,21.8,65.7,5.6,50.3,295.8
2025-06-23 04:20:00,22.5,68.9,5.7,48.5,291.3
2025-06-23 05:03:00,23.1,68.7,5.8,48.4,289.5
2025-06-23 05:46:00,21.6,68.9,5.7,49.1,289.2
2025-06-23 06:29:00,22.5,69.1,5.7,49.8,292.2
2025-06-23 07:12:00,22.6,68.1,5.5,50.6,299.7
2025-06-23 07:55:00,22.8,71.5,5.4,50.4,297.4
2025-06-23 08:38:00,21.8,65.3,5.7,49.1,296.0
2025-06-23 09:21:00,21.8,66.9,5.6,48.9,299.6
2025-06-23 10:04:00,22.7,68.3,5.6,48.0,295.7
2025-06-23 10:47:00,22.6,65.2,5.7,49.4,292.7
2025-06-23 11:30:00,22.6,68.1,5.6,51.2,295.6
2025-06-23 12:13:00,22.6,71.8,5.8,47.8,290.0
2025-06-23 12:56:00,22.1,68.5,5.7,48.4,292.4
2025-06-23 13:39:00,22.6,68.9,5.6,48.7,290.5
2025-06-23 14:22:00,22.6,65.9,5.8,49.5,295.8
2025-06-23 15:05:00,22.1,67.2,5.6,49.8,293.4
2025-06-23 15:48:00,23.4,67.7,5.7,48.8,293.9
2025-06-23 16:31:00,22.7,67.8,5.6,48.5,291.7
2025-06-23 17:14:00,21.9,71.0,5.6,49.6,295.7
2025-06-23 17:57:00,22.8,69.5,5.7,47.6,291.3
2025-06-23 18:40:00,22.0,66.2,5.7,49.3,293.9
2025-06-23 19:23:00,22.9,68.9,5.7,49.8,295.7
2025-06-23 20:06:00,23.1,69.4,5.6,48.1,296.5
2025-06-23 20:49:00,22.1,70.6,5.5,48.6,296.1
2025-06-23 21:32:00,23.0,71.5,5.6,51.0,288.6
2025-06-23 22:15:00,22.7,66.3,5.7,48.2,302.0
2025-06-23 22:58:00,22.9,66.7,5.6,50.5,299.8
2025-06-23 23:41:00,23.4,65.8,5.6,49.1,296.9
2025-06-24 00:24:00,22.4,67.9,5.8,48.5,290.2
2025-06-24 01:07:00,22.1,69.2,5.6,49.9,294.3
2025-06-24 01:50:00,22.1,70.3,5.5,49.0,294.1
2025-06-24 02:33:00,22.1,68.1,5.7,49.4,297.8
2025-06-24 03:16:00,22.5,67.6,5.6,49.0,295.4
2025-06-24 03:59:00,22.7,68.6,5.6,48.3,292.8
2025-06-24 04:42:00,22.7,66.6,5.7,49.6,292.9
2025-06-24 05:25:00,22.9,72.4,5.7,48.6,295.5
2025-06-24 06:08:00,22.5,65.0,5.7,49.0,299.2
2025-06-24 06:51:00,23.3,68.6,5.7,47.8,297.7
2025-06-24 07:34:00,22.4,72.3,5.9,49.8,292.4
2025-06-24 08:17:00,23.9,68.2,5.6,50.2,293.4
2025-06-24 09:00:00,22.9,67.8,5.7,49.9,283.6
2025-06-24 09:43:00,22.1,67.5,5.6,49.0,295.4
2025-06-24 10:26:00,22.0,67.8,5.6,47.8,295.0
2025-06-24 11:09:00,22.8,70.9,5.6,51.3,294.4
2025-06-24 11:52:00,22.4,63.7,5.6,49.3,295.4
2025-06-24 12:35:00,22.9,71.2,5.7,48.1,288.5
2025-06-24 13:18:00,22.8,65.3,5.9,48.3,292.3
2025-06-24 14:01:00,22.5,67.6,5.6,50.6,296.6
2025-06-24 14:44:00,22.1,67.3,5.6,49.2,296.4
2025-06-24 15:27:00,21.8,69.3,5.7,50.4,296.2
2025-06-24 16:10:00,22.3,64.9,5.7,49.9,295.4
2025-06-24 16:53:00,23.0,69.0,5.7,47.8,291.7
2025-06-24 17:36:00,22.7,72.1,5.8,47.7,290.6
2025-06-24 18:19:00,22.0,65.3,5.5,51.2,297.9
2025-06-24 19:02:00,22.7,68.4,5.5,47.5,297.3
2025-06-24 19:45:00,22.8,66.7,5.6,49.1,297.5
2025-06-24 20:28:00,22.1,68.9,5.8,47.0,293.6
2025-06-24 21:11:00,22.7,68.1,5.5,49.3,302.0
2025-06-24 21:54:00,22.6,66.7,5.4,50.2,304.8
2025-06-24 22:37:00,22.0,69.0,5.8,48.4,292.6
2025-06-24 23:20:00,22.8,71.6,5.7,48.3,280.8
2025-06-25 00:03:00,22.9,67.6,5.6,48.4,298.8
2025-06-25 00:46:00,23.1,69.4,5.6,51.8,292.9
2025-06-25 01:29:00,23.1,65.4,5.6,51.3,292.9
2025-06-25 02:12:00,21.9,66.0,5.7,47.8,292.4
2025-06-25 02:55:00,22.1,68.9,5.6,50.9,292.7
2025-06-25 03:38:00,22.9,70.9,5.8,48.3,293.8
2025-06-25 04:21:00,22.9,68.6,5.4,50.5,292.8
2025-06-25 05:04:00,22.9,67.3,5.6,49.3,291.5
2025-06-25 05:47:00,24.6,67.9,5.6,48.9,296.0
2025-06-25 06:30:00,22.9,65.4,5.7,50.1,296.0
2025-06-25 07:13:00,23.2,69.1,5.7,49.3,295.7
2025-06-25 07:56:00,23.1,69.6,5.8,48.1,289.3
2025-06-25 08:39:00,23.0,67.0,5.5,48.6,293.3
2025-06-25 09:22:00,22.5,66.9,5.7,48.0,291.8
2025-06-25 10:05:00,23.0,68.4,5.8,47.0,293.0
2025-06-25 10:48:00,22.3,67.0,5.9,48.0,295.0
2025-06-25 11:31:00,22.5,67.7,5.7,48.0,287.8
2025-06-25 12:14:00,22.4,72.0,5.8,48.5,291.2
2025-06-25 12:57:00,22.7,67.3,5.5,51.2,292.0
2025-06-25 13:40:00,23.8,67.1,5.5,51.3,291.9
2025-06-25 14:23:00,21.7,66.5,5.8,48.4,295.0
2025-06-25 15:06:00,23.0,69.3,5.7,48.8,294.5
2025-06-25 15:49:00,21.9,67.4,5.8,50.2,292.8
2025-06-25 16:32:00,22.4,66.5,5.6,50.1,298.2
2025-06-25 17:15:00,23.2,70.4,5.8,48.3,290.3
2025-06-25 17:58:00,22.7,70.6,5.9,46.5,288.4
2025-06-25 18:41:00,22.1,66.5,5.8,49.0,299.2
2025-06-25 19:24:00,22.3,64.0,5.8,49.6,292.6
2025-06-25 20:07:00,23.0,69.7,5.7,48.2,294.8
2025-06-25 20:50:00,22.3,66.3,5.6,49.9,295.7
2025-06-25 21:33:00,22.8,69.3,5.9,47.8,285.1
2025-06-25 22:16:00,22.7,63.7,5.7,49.0,288.6
2025-06-25 22:59:00,22.4,69.5,5.8,46.1,290.1
2025-06-25 23:42:00,23.8,65.2,5.6,49.4,299.0
2025-06-26 00:25:00,23.0,69.1,5.6,50.4,296.8
2025-06-26 01:08:00,21.7,67.7,5.9,47.5,293.5
2025-06-26 01:51:00,22.8,65.7,5.7,49.0,290.9
2025-06-26 02:34:00,22.4,66.8,5.9,47.3,295.7
2025-06-26 03:17:00,23.1,69.0,5.7,49.2,289.8
2025-06-26 04:00:00,22.3,67.8,5.6,49.5,296.2
2025-06-26 04:43:00,22.7,68.8,5.8,47.4,291.3
2025-06-26 05:26:00,23.0,71.5,5.7,50.4,292.4
2025-06-26 06:09:00,23.2,64.4,5.8,49.4,296.4
2025-06-26 06:52:00,22.1,70.8,5.7,48.2,290.0
2025-06-26 07:35:00,22.6,67.8,5.6,50.0,291.0
2025-06-26 08:18:00,22.5,65.7,5.8,49.2,293.0
2025-06-26 09:01:00,22.4,64.9,6.0,48.3,288.8
2025-06-26 09:44:00,23.6,67.1,5.8,46.8,302.2
2025-06-26 10:27:00,22.9,69.4,5.7,49.8,294.5
2025-06-26 11:10:00,22.1,67.2,5.9,47.6,290.0
2025-06-26 11:53:00,23.2,70.5,5.8,48.3,288.6
2025-06-26 12:36:00,23.8,64.6,5.8,51.3,287.3
2025-06-26 13:19:00,23.3,67.4,5.6,49.6,291.3
2025-06-26 14:02:00,22.0,65.0,5.8,48.2,293.2
2025-06-26 14:45:00,22.5,68.2,5.9,46.0,295.3
2025-06-26 15:28:00,23.4,69.2,5.7,50.5,296.9
2025-06-26 16:11:00,22.4,66.6,5.9,46.7,291.4
2025-06-26 16:54:00,23.0,62.2,5.7,47.8,292.9
2025-06-26 17:37:00,23.2,67.8,5.7,48.8,294.7
2025-06-26 18:20:00,22.3,68.3,5.9,49.6,289.4
2025-06-26 19:03:00,22.8,68.2,5.7,49.6,298.0
2025-06-26 19:46:00,21.2,69.9,5.8,48.2,290.4
2025-06-26 20:29:00,22.3,65.2,5.7,49.1,293.2
2025-06-26 21:12:00,22.7,68.7,5.8,48.1,285.7
2025-06-26 21:55:00,22.2,69.7,5.8,48.6,290.7
2025-06-26 22:38:00,23.6,63.8,5.8,48.6,295.3
2025-06-26 23:21:00,22.1,68.0,5.6,50.6,292.2
2025-06-27 00:04:00,22.6,66.3,5.7,50.2,292.1
2025-06-27 00:47:00,22.9,67.1,5.9,48.7,293.5
2025-06-27 01:30:00,23.5,68.0,5.8,48.4,288.1
2025-06-27 02:13:00,22.1,66.3,5.7,49.6,296.6
2025-06-27 02:56:00,23.4,65.9,5.6,49.2,293.2
2025-06-27 03:39:00,22.8,67.3,5.7,48.1,292.9
2025-06-27 04:22:00,22.3,65.1,5.6,49.2,292.5
2025-06-27 05:05:00,23.1,65.1,5.8,48.8,294.1
2025-06-27 05:48:00,22.9,68.6,5.7,49.8,300.4
2025-06-27 06:31:00,22.5,64.9,5.7,48.9,296.7
2025-06-27 07:14:00,22.9,68.6,5.8,47.4,289.6
2025-06-27 07:57:00,22.6,68.1,5.8,48.5,295.0
2025-06-27 08:40:00,22.9,63.7,6.0,47.7,289.0
2025-06-27 09:23:00,23.2,65.8,5.6,49.5,299.0
2025-06-27 10:06:00,23.6,69.6,5.9,48.9,292.5
2025-06-27 10:49:00,22.2,65.2,5.9,49.1,282.4
2025-06-27 11:32:00,23.9,66.2,5.7,48.4,290.6
2025-06-27 12:15:00,21.9,68.1,5.8,47.9,294.6
2025-06-27 12:58:00,22.8,68.7,5.7,47.8,293.1
2025-06-27 13:41:00,23.2,66.6,5.8,49.2,289.0
2025-06-27 14:24:00,23.0,65.9,5.9,49.3,288.3
2025-06-27 15:07:00,22.6,70.0,5.8,47.9,285.0
2025-06-27 15:50:00,22.8,70.6,5.8,48.1,290.5
2025-06-27 16:33:00,22.6,69.0,5.7,50.2,299.1
2025-06-27 17:16:00,22.6,67.2,5.6,49.8,296.8
2025-06-27 17:59:00,23.3,65.5,5.8,49.1,299.4
2025-06-27 18:42:00,23.1,65.4,5.9,46.7,293.3
2025-06-27 19:25:00,22.5,68.1,5.6,50.0,297.3
2025-06-27 20:08:00,23.3,67.9,5.7,48.1,299.5
2025-06-27 20:51:00,23.0,69.8,5.8,47.3,292.5
2025-06-27 21:34:00,23.3,68.3,5.7,48.7,292.8
2025-06-27 22:17:00,23.2,64.0,5.7,48.3,297.0
2025-06-27 23:00:00,22.5,69.1,5.8,48.5,296.7
2025-06-27 23:43:00,22.6,65.0,5.7,47.7,293.1
2025-06-28 00:26:00,23.3,66.2,5.7,49.9,291.5
2025-06-28 01:09:00,23.2,67.5,5.9,49.3,291.3
2025-06-28 01:52:00,22.9,70.9,5.7,47.2,295.7
2025-06-28 02:35:00,23.0,73.2,5.6,50.3,295.6
2025-06-28 03:18:00,23.6,68.2,5.7,48.0,288.4
2025-06-28 04:01:00,22.6,66.6,5.9,49.0,296.7
2025-06-28 04:44:00,23.2,68.0,5.8,48.5,290.2
2025-06-28 05:27:00,22.8,68.7,5.8,48.7,291.5
2025-06-28 06:10:00,22.8,66.3,5.8,48.2,289.3
2025-06-28 06:53:00,23.5,70.5,5.6,50.5,302.0
2025-06-28 07:36:00,23.3,67.3,5.9,47.0,291.8
2025-06-28 08:19:00,23.3,67.9,5.9,48.9,288.6
2025-06-28 09:02:00,23.6,68.2,5.8,49.7,294.9
2025-06-28 09:45:00,23.0,67.7,5.9,48.6,292.5
2025-06-28 10:28:00,23.3,68.5,5.7,51.3,292.7
2025-06-28 11:11:00,22.8,65.6,5.9,47.3,293.0
2025-06-28 11:54:00,23.1,65.7,5.8,49.3,289.4
2025-06-28 12:37:00,22.9,64.6,5.8,48.5,291.3
2025-06-28 13:20:00,23.0,67.7,5.8,49.6,285.7
2025-06-28 14:03:00,23.3,68.3,5.8,48.4,287.7
2025-06-28 14:46:00,22.6,67.7,5.9,47.4,295.2
2025-06-28 15:29:00,24.0,70.1,5.7,50.2,297.7
2025-06-28 16:12:00,22.5,66.7,5.7,48.3,293.1
2025-06-28 16:55:00,22.4,68.1,5.9,46.4,294.9
2025-06-28 17:38:00,23.6,64.6,5.8,48.2,292.6
2025-06-28 18:21:00,23.4,66.0,5.9,48.5,289.8
2025-06-28 19:04:00,23.3,68.1,6.0,48.9,289.1
2025-06-28 19:47:00,23.3,68.4,5.8,48.7,291.6
2025-06-28 20:30:00,23.0,66.1,5.9,49.3,290.2
2025-06-28 21:13:00,22.5,66.5,5.7,47.6,296.9
2025-06-28 21:56:00,23.0,63.6,5.9,47.5,291.6
2025-06-28 22:39:00,22.7,66.0,5.9,47.9,293.6
2025-06-28 23:22:00,23.5,68.4,5.9,48.0,293.7
2025-06-29 00:05:00,22.9,67.8,5.8,48.7,293.5
2025-06-29 00:48:00,22.6,67.6,5.7,49.8,291.0
2025-06-29 01:31:00,22.9,66.7,5.9,47.6,286.8
2025-06-29 02:14:00,23.2,66.6,5.6,49.5,295.1
2025-06-29 02:57:00,22.7,65.3,5.8,48.4,291.8
2025-06-29 03:40:00,22.6,68.0,5.9,46.9,290.1
2025-06-29 04:23:00,23.1,67.4,5.9,48.1,291.1
2025-06-29 05:06:00,23.1,67.6,6.0,47.2,296.2
2025-06-29 05:49:00,22.8,65.5,5.9,47.6,286.2
2025-06-29 06:32:00,22.8,62.3,5.8,48.6,287.4
2025-06-29 07:15:00,23.2,68.7,5.8,48.3,292.0
2025-06-29 07:58:00,22.3,65.6,5.8,47.9,290.6
2025-06-29 08:41:00,22.3,64.8,5.7,50.3,295.2
2025-06-29 09:24:00,22.7,67.9,5.8,47.6,294.4
2025-06-29 10:07:00,22.9,65.7,5.8,47.8,296.3
2025-06-29 10:50:00,23.2,68.6,5.6,52.0,289.6
2025-06-29 11:33:00,23.8,67.7,5.9,47.2,289.4
2025-06-29 12:16:00,23.5,67.8,5.8,47.0,292.8
2025-06-29 12:59:00,23.0,63.7,5.7,49.8,296.8
2025-06-29 13:42:00,23.1,68.9,5.9,45.9,296.9
2025-06-29 14:25:00,22.6,67.0,5.9,47.6,293.1
2025-06-29 15:08:00,23.1,65.7,5.9,50.3,291.0
2025-06-29 15:51:00,22.9,66.7,5.8,46.8,289.1
2025-06-29 16:34:00,23.2,62.9,5.9,45.9,289.5
2025-06-29 17:17:00,22.7,67.2,5.9,46.4,288.4
2025-06-29 18:00:00,23.3,64.3,5.9,48.9,293.2
2025-06-29 18:43:00,23.8,63.7,5.8,49.7,293.9
2025-06-29 19:26:00,23.0,63.3,5.9,47.5,287.5
2025-06-29 20:09:00,23.3,68.6,6.0,48.3,287.7
2025-06-29 20:52:00,23.4,65.1,5.8,49.9,295.0
2025-06-29 21:35:00,22.9,69.4,6.1,48.9,288.5
2025-06-29 22:18:00,23.2,65.3,5.8,48.2,293.9
2025-06-29 23:01:00,23.1,62.9,5.9,45.8,293.0
2025-06-29 23:44:00,23.2,64.1,5.8,47.7,297.5
2025-06-30 00:27:00,22.7,68.8,5.9,47.6,291.1
2025-06-30 01:10:00,23.1,66.0,5.7,48.8,292.7
2025-06-30 01:53:00,23.4,65.2,5.8,48.2,289.5
2025-06-30 02:36:00,23.8,66.6,5.8,49.8,293.5
2025-06-30 03:19:00,23.6,67.3,5.9,49.3,283.4
2025-06-30 04:02:00,24.2,68.5,6.0,47.5,288.6
2025-06-30 04:45:00,22.7,69.1,5.9,48.9,289.0
2025-06-30 05:28:00,23.6,65.5,5.6,49.7,290.7
2025-06-30 06:11:00,23.2,63.6,6.1,47.2,285.8
2025-06-30 06:54:00,24.2,65.4,5.9,48.9,293.2
2025-06-30 07:37:00,22.7,66.7,5.8,48.6,292.8
2025-06-30 08:20:00,22.7,64.3,5.9,50.1,291.5
2025-06-30 09:03:00,22.8,64.3,5.9,46.6,292.1
2025-06-30 09:46:00,22.1,66.9,5.8,47.9,292.2
2025-06-30 10:29:00,22.9,66.1,5.9,47.9,294.5
2025-06-30 11:12:00,22.8,66.2,5.8,48.8,292.3
2025-06-30 11:55:00,23.2,64.6,5.8,49.5,287.5
2025-06-30 12:38:00,23.3,65.7,5.8,48.4,297.0
2025-06-30 13:21:00,24.1,64.3,5.7,47.4,294.6
2025-06-30 14:04:00,23.6,67.9,5.9,48.8,288.6
2025-06-30 14:47:00,22.9,68.2,5.9,48.5,285.9
2025-06-30 15:30:00,22.7,62.4,5.9,45.8,292.1
2025-06-30 16:13:00,23.4,64.2,6.0,47.6,289.7
2025-06-30 16:56:00,22.5,63.1,5.9,46.3,295.7
2025-06-30 17:39:00,24.1,64.8,5.8,47.6,290.9
2025-06-30 18:22:00,23.8,65.9,6.0,46.7,287.1
2025-06-30 19:05:00,23.0,63.1,5.8,49.5,296.2
2025-06-30 19:48:00,22.3,64.2,5.8,48.6,295.3
2025-06-30 20:31:00,23.9,64.0,5.8,47.2,293.2
2025-06-30 21:14:00,23.1,66.4,6.0,48.3,291.1
2025-06-30 21:57:00,23.8,66.1,6.0,46.1,289.3
2025-06-30 22:40:00,22.4,64.6,5.9,48.1,291.1
2025-06-30 23:23:00,22.9,66.3,6.0,46.6,292.6
2025-07-01 00:06:00,23.2,64.9,5.8,48.1,294.2
2025-07-01 00:49:00,23.2,65.4,5.9,48.3,289.8
2025-07-01 01:32:00,23.0,69.3,5.9,48.6,294.3
2025-07-01 02:15:00,23.5,68.6,6.0,48.9,281.8
2025-07-01 02:58:00,22.7,63.3,5.9,47.9,297.6
2025-07-01 03:41:00,23.2,67.6,5.9,48.5,285.8
2025-07-01 04:24:00,23.3,67.5,6.0,47.3,287.7
2025-07-01 05:07:00,23.5,63.6,6.0,47.7,289.7
2025-07-01 05:50:00,23.6,67.5,5.8,48.7,290.9
2025-07-01 06:33:00,22.7,69.0,5.9,47.9,293.2
2025-07-01 07:16:00,22.5,63.6,5.8,46.7,289.5
2025-07-01 07:59:00,23.9,64.0,5.7,49.5,295.5
2025-07-01 08:42:00,23.4,67.9,5.9,48.2,288.2
2025-07-01 09:25:00,22.9,66.4,6.0,46.9,290.5
2025-07-01 10:08:00,24.0,66.9,5.9,46.5,289.8
2025-07-01 10:51:00,23.3,66.5,5.7,50.4,293.6
2025-07-01 11:34:00,23.8,66.6,5.9,48.6,289.3
2025-07-01 12:17:00,23.3,63.2,5.7,48.8,292.9
2025-07-01 13:00:00,24.3,67.9,6.1,46.1,288.9
2025-07-01 13:43:00,24.1,68.1,5.8,47.6,294.5
2025-07-01 14:26:00,23.1,65.3,6.0,48.6,286.9
2025-07-01 15:09:00,23.8,65.7,6.0,47.5,286.5
2025-07-01 15:52:00,23.6,62.7,5.8,47.8,294.3
2025-07-01 16:35:00,24.0,66.8,5.8,49.0,291.9
2025-07-01 17:18:00,22.8,66.9,6.0,46.9,292.2
2025-07-01 18:01:00,23.6,65.6,5.8,49.8,289.0
2025-07-01 18:44:00,23.8,68.0,5.9,49.2,284.5
2025-07-01 19:27:00,22.4,65.0,5.9,47.6,289.7
2025-07-01 20:10:00,22.7,66.8,5.8,48.1,290.6
2025-07-01 20:53:00,22.3,63.6,5.7,46.3,293.9
2025-07-01 21:36:00,23.2,65.6,6.0,46.2,288.1
2025-07-01 22:19:00,23.7,65.3,5.9,46.8,293.5
2025-07-01 23:02:00,24.1,66.1,5.9,48.2,290.2
2025-07-01 23:45:00,23.3,64.9,6.0,47.1,289.9
2025-07-02 00:28:00,24.1,65.4,6.1,45.9,289.1
2025-07-02 01:11:00,22.6,67.3,5.9,47.7,291.0
2025-07-02 01:54:00,22.5,64.7,5.9,48.5,290.9
2025-07-02 02:37:00,23.3,62.4,6.0,48.1,291.7
2025-07-02 03:20:00,23.5,69.1,5.8,46.6,289.2
2025-07-02 04:03:00,23.3,68.4,6.0,47.6,293.6
2025-07-02 04:46:00,22.3,63.0,6.0,46.1,289.2
2025-07-02 05:29:00,23.3,66.9,6.0,48.3,285.0
2025-07-02 06:12:00,22.7,64.6,5.8,49.5,293.9
2025-07-02 06:55:00,23.7,66.1,5.9,47.3,288.7
2025-07-02 07:38:00,23.5,66.1,5.9,47.4,293.4
2025-07-02 08:21:00,22.9,65.1,6.0,47.3,296.8
2025-07-02 09:04:00,23.1,64.0,6.0,45.3,287.4
2025-07-02 09:47:00,22.8,64.1,6.1,47.3,289.2
2025-07-02 10:30:00,23.3,63.7,5.9,47.7,286.0
2025-07-02 11:13:00,23.8,63.8,5.9,49.0,292.6
2025-07-02 11:56:00,22.9,65.3,6.1,46.1,285.8
2025-07-02 12:39:00,23.6,64.0,6.0,47.0,288.1
2025-07-02 13:22:00,23.1,66.8,6.1,45.6,284.6
2025-07-02 14:05:00,23.0,68.4,6.0,46.6,291.3
2025-07-02 14:48:00,23.3,64.3,5.8,47.1,295.1
2025-07-02 15:31:00,22.9,65.9,5.8,49.4,292.0
2025-07-02 16:14:00,23.1,66.4,5.8,47.8,289.6
2025-07-02 16:57:00,22.8,66.4,6.0,47.5,293.6
2025-07-02 17:40:00,24.4,65.5,6.1,46.7,286.0
2025-07-02 18:23:00,23.4,66.9,6.1,45.5,280.4
2025-07-02 19:06:00,23.0,66.3,6.0,47.1,289.9
2025-07-02 19:49:00,23.5,62.9,6.1,47.7,285.4
2025-07-02 20:32:00,23.3,67.1,5.9,46.8,293.5
2025-07-02 21:15:00,23.3,67.1,5.8,49.1,290.2
2025-07-02 21:58:00,23.7,63.8,6.1,46.4,290.8
2025-07-02 22:41:00,23.8,65.4,6.0,47.0,293.5
2025-07-02 23:24:00,23.1,66.7,6.0,48.1,285.9
2025-07-03 00:07:00,23.1,64.9,6.0,46.8,287.7
2025-07-03 00:50:00,23.3,67.4,6.0,47.5,288.7
2025-07-03 01:33:00,22.3,70.0,6.1,46.7,291.6
2025-07-03 02:16:00,22.7,63.7,6.1,47.1,286.3
2025-07-03 02:59:00,24.1,62.5,6.0,45.0,287.8
2025-07-03 03:42:00,24.2,65.9,6.1,45.4,289.9
2025-07-03 04:25:00,23.3,66.7,6.0,48.0,287.0
2025-07-03 05:08:00,23.7,64.8,5.9,48.9,291.1
2025-07-03 05:51:00,23.6,68.1,6.1,46.3,283.4
2025-07-03 06:34:00,25.0,62.5,5.8,48.1,299.1
2025-07-03 07:17:00,24.0,66.6,6.1,47.4,283.9
2025-07-03 08:00:00,23.4,64.0,5.9,48.9,290.8
2025-07-03 08:43:00,23.0,68.6,6.0,45.4,288.5
2025-07-03 09:26:00,22.6,69.2,5.9,47.1,295.9
2025-07-03 10:09:00,23.6,63.6,6.0,47.0,285.2
2025-07-03 10:52:00,23.1,64.1,6.0,48.3,295.9
2025-07-03 11:35:00,22.7,66.9,5.8,50.9,294.0
2025-07-03 12:18:00,23.1,64.4,6.0,47.1,290.5
2025-07-03 13:01:00,22.9,65.0,5.9,46.4,287.6
2025-07-03 13:44:00,24.3,65.2,6.1,47.5,290.0
2025-07-03 14:27:00,23.9,61.3,6.0,48.9,288.2
2025-07-03 15:10:00,23.5,65.1,6.0,47.5,292.8
2025-07-03 15:53:00,24.2,63.7,5.9,47.1,288.4
2025-07-03 16:36:00,23.5,64.1,5.9,48.8,290.3
2025-07-03 17:19:00,23.0,68.0,5.9,48.4,288.0
2025-07-03 18:02:00,24.2,62.5,6.1,46.1,285.8
2025-07-03 18:45:00,23.8,66.7,6.2,47.1,288.9
2025-07-03 19:28:00,23.0,64.5,5.9,48.9,292.5
2025-07-03 20:11:00,23.4,64.5,6.1,48.2,291.7
2025-07-03 20:54:00,23.1,66.6,5.8,48.5,287.1
2025-07-03 21:37:00,22.8,65.7,5.9,47.7,294.4
2025-07-03 22:20:00,24.0,66.1,5.9,49.2,298.2
2025-07-03 23:03:00,24.5,66.9,5.9,47.0,289.8
2025-07-03 23:46:00,22.8,64.3,5.8,48.7,297.7
2025-07-04 00:29:00,23.8,63.7,6.0,45.9,288.3
2025-07-04 01:12:00,23.2,62.8,6.0,48.7,286.1
2025-07-04 01:55:00,23.3,63.3,6.0,47.0,288.3
2025-07-04 02:38:00,23.2,70.8,6.1,48.4,290.3
2025-07-04 03:21:00,23.1,67.4,6.0,47.8,286.0
2025-07-04 04:04:00,23.5,62.2,6.1,45.9,287.1
2025-07-04 04:47:00,23.1,62.3,6.0,48.9,291.8
2025-07-04 05:30:00,23.7,65.9,5.9,49.6,291.0
2025-07-04 06:13:00,23.5,66.0,6.1,47.8,289.3
2025-07-04 06:56:00,23.4,66.0,6.0,47.0,290.7
2025-07-04 07:39:00,23.1,64.4,5.9,47.6,292.3
2025-07-04 08:22:00,23.3,64.6,6.0,47.7,288.3
2025-07-04 09:05:00,23.9,65.5,5.9,47.2,291.2
2025-07-04 09:48:00,23.8,65.0,6.0,49.3,287.1
2025-07-04 10:31:00,23.1,60.4,6.1,47.4,293.5
2025-07-04 11:14:00,23.6,64.4,6.1,44.5,286.9
2025-07-04 11:57:00,23.9,63.1,5.9,48.2,294.3
2025-07-04 12:40:00,22.7,65.1,6.0,47.3,289.2
2025-07-04 13:23:00,23.8,70.8,6.1,46.8,287.0
2025-07-04 14:06:00,23.2,65.5,6.1,46.8,286.8
2025-07-04 14:49:00,23.9,64.1,6.2,47.2,283.2
2025-07-04 15:32:00,23.2,66.6,6.1,47.9,281.8
2025-07-04 16:15:00,22.7,65.7,6.1,47.1,284.1
2025-07-04 16:58:00,22.8,65.6,5.9,47.7,290.1
2025-07-04 17:41:00,23.6,65.9,6.1,46.9,288.4
2025-07-04 18:24:00,23.7,68.8,6.0,47.4,291.4
2025-07-04 19:07:00,23.1,62.4,6.0,46.8,289.1
2025-07-04 19:50:00,23.9,65.6,6.0,47.8,286.0
2025-07-04 20:33:00,22.8,62.8,6.1,47.3,283.7
2025-07-04 21:16:00,23.6,65.8,6.1,48.6,289.5
2025-07-04 21:59:00,23.0,62.8,5.9,49.0,294.9
2025-07-04 22:42:00,23.3,63.8,6.1,46.3,291.9
2025-07-04 23:25:00,23.6,64.1,6.0,48.5,292.2
2025-07-05 00:08:00,23.2,66.6,6.1,46.3,290.2
2025-07-05 00:51:00,23.4,66.5,6.0,48.2,294.2
2025-07-05 01:34:00,24.1,62.1,6.0,46.9,290.8
2025-07-05 02:17:00,23.3,64.7,6.1,45.9,289.8
2025-07-05 03:00:00,24.0,63.2,5.9,48.1,289.9
2025-07-05 03:43:00,23.1,62.1,6.2,43.6,282.5
2025-07-05 04:26:00,23.9,64.1,5.9,46.4,289.7
2025-07-05 05:09:00,24.4,64.0,6.0,47.4,289.9
2025-07-05 05:52:00,22.4,69.4,6.1,47.2,287.6
2025-07-05 06:35:00,23.2,65.4,6.1,46.6,293.6
2025-07-05 07:18:00,23.9,61.8,6.0,45.7,289.8
2025-07-05 08:01:00,23.5,63.4,6.0,46.5,292.7
2025-07-05 08:44:00,23.8,66.6,6.1,47.4,286.5
2025-07-05 09:27:00,23.3,68.7,6.0,48.0,287.4
2025-07-05 10:10:00,23.7,61.3,6.2,46.5,283.4
2025-07-05 10:53:00,23.6,60.7,6.1,48.0,286.1
2025-07-05 11:36:00,24.2,68.2,6.1,47.2,288.3
2025-07-05 12:19:00,23.8,65.2,6.0,47.0,290.1
2025-07-05 13:02:00,23.8,62.7,6.0,47.0,292.1
2025-07-05 13:45:00,23.5,65.5,6.0,46.0,289.6
2025-07-05 14:28:00,23.4,59.2,6.0,47.6,290.3
2025-07-05 15:11:00,23.5,64.4,6.1,48.1,294.7
2025-07-05 15:54:00,23.9,65.1,6.0,48.2,289.1
2025-07-05 16:37:00,23.5,66.3,6.1,48.3,290.9
2025-07-05 17:20:00,23.8,62.4,6.0,47.4,289.5
2025-07-05 18:03:00,24.7,64.6,6.2,47.7,288.2
2025-07-05 18:46:00,24.1,62.5,6.0,47.4,293.2
2025-07-05 19:29:00,23.5,64.9,6.1,48.5,288.9
2025-07-05 20:12:00,24.3,62.6,6.1,46.8,280.8
2025-07-05 20:55:00,23.5,63.5,6.0,48.2,289.7
2025-07-05 21:38:00,22.7,62.3,6.2,48.2,291.4
2025-07-05 22:21:00,23.2,65.6,5.9,47.6,291.8
2025-07-05 23:04:00,22.8,66.0,6.2,46.7,287.4
2025-07-05 23:47:00,23.5,63.8,6.1,48.4,283.5
2025-07-06 00:30:00,23.7,64.4,6.0,47.3,287.3
2025-07-06 01:13:00,24.6,61.4,6.0,46.0,290.8
2025-07-06 01:56:00,23.9,63.7,6.2,48.9,288.7
2025-07-06 02:39:00,23.6,64.2,6.0,47.0,293.1
2025-07-06 03:22:00,24.1,69.5,6.0,47.7,288.2
2025-07-06 04:05:00,22.6,62.0,6.1,48.4,290.5
2025-07-06 04:48:00,23.8,67.2,6.0,47.1,289.7
2025-07-06 05:31:00,24.1,66.2,6.3,45.2,282.4
2025-07-06 06:14:00,23.0,64.8,6.0,47.6,282.5
2025-07-06 06:57:00,24.3,67.7,6.2,44.9,287.8
2025-07-06 07:40:00,23.9,64.9,6.1,46.7,288.5
2025-07-06 08:23:00,23.5,65.0,6.0,47.8,287.9
2025-07-06 09:06:00,24.1,64.1,6.1,46.8,283.6
2025-07-06 09:49:00,24.9,66.6,6.2,45.1,288.6
2025-07-06 10:32:00,23.8,66.4,6.1,48.8,287.5
2025-07-06 11:15:00,23.9,62.9,6.2,46.6,288.5
2025-07-06 11:58:00,23.5,61.5,6.2,48.0,293.0
2025-07-06 12:41:00,23.3,63.7,6.2,46.3,280.6
2025-07-06 13:24:00,24.2,62.5,6.0,46.4,287.3
2025-07-06 14:07:00,23.3,64.0,6.0,47.9,289.4
2025-07-06 14:50:00,23.8,66.6,6.0,47.1,293.1
2025-07-06 15:33:00,23.5,63.2,6.1,45.8,283.3
2025-07-06 16:16:00,24.0,64.0,6.1,48.2,293.3
2025-07-06 16:59:00,23.9,64.2,5.9,47.5,291.9
2025-07-06 17:42:00,24.3,65.8,6.1,45.2,287.7
2025-07-06 18:25:00,23.5,59.6,6.1,48.3,288.3
2025-07-06 19:08:00,23.7,62.8,6.1,46.7,287.6
2025-07-06 19:51:00,23.3,64.4,6.2,45.8,289.4
2025-07-06 20:34:00,23.6,66.4,6.1,45.0,283.9
2025-07-06 21:17:00,24.0,63.0,6.2,48.1,287.5
2025-07-06 22:00:00,24.2,60.2,6.1,45.8,288.1
2025-07-06 22:43:00,23.3,65.2,6.2,46.6,284.2
2025-07-06 23:26:00,24.2,62.7,6.3,47.1,293.7
2025-07-07 00:09:00,24.5,61.6,6.2,46.7,287.9
2025-07-07 00:52:00,24.0,62.7,6.0,47.5,291.9
2025-07-07 01:35:00,24.8,63.6,6.1,45.4,292.0
2025-07-07 02:18:00,23.4,62.7,6.1,46.3,284.6
2025-07-07 03:01:00,23.2,59.5,6.2,46.9,293.5
2025-07-07 03:44:00,22.9,65.7,6.2,45.8,279.2
2025-07-07 04:27:00,24.6,66.5,6.0,47.6,286.5
2025-07-07 05:10:00,24.2,65.2,6.1,47.6,286.3
2025-07-07 05:53:00,23.8,61.6,5.9,48.9,293.3
2025-07-07 06:36:00,24.0,63.5,6.3,45.0,286.6
2025-07-07 07:19:00,23.3,63.9,6.1,49.4,288.3
2025-07-07 08:02:00,25.1,65.1,6.1,47.7,287.7
2025-07-07 08:45:00,23.9,65.2,6.1,47.1,285.3
2025-07-07 09:28:00,23.9,62.4,6.2,47.4,282.1
2025-07-07 10:11:00,24.2,64.0,5.8,50.7,294.4
2025-07-07 10:54:00,24.1,64.7,6.1,45.5,289.9
2025-07-07 11:37:00,24.0,66.7,6.1,46.7,292.3
2025-07-07 12:20:00,23.5,65.2,6.1,44.7,286.0
2025-07-07 13:03:00,24.1,65.4,6.3,46.2,287.1
2025-07-07 13:46:00,24.8,63.9,6.0,47.7,288.4
2025-07-07 14:29:00,24.5,66.6,6.2,46.5,289.7
2025-07-07 15:12:00,24.7,64.6,6.2,46.0,290.3
2025-07-07 15:55:00,23.6,62.0,6.3,44.2,287.0
2025-07-07 16:38:00,23.4,66.5,6.1,47.6,287.3
2025-07-07 17:21:00,23.8,65.1,6.1,48.7,291.5
2025-07-07 18:04:00,23.9,62.8,6.2,45.7,288.3
2025-07-07 18:47:00,24.4,62.7,6.2,47.1,285.3
2025-07-07 19:30:00,23.0,64.3,6.0,46.1,286.0
2025-07-07 20:13:00,24.7,64.6,6.1,47.6,287.6
2025-07-07 20:56:00,23.8,64.1,6.2,46.3,291.7
2025-07-07 21:39:00,23.7,64.3,6.2,45.7,289.8
2025-07-07 22:22:00,23.4,67.1,6.1,46.4,284.8
2025-07-07 23:05:00,23.1,65.8,5.8,47.9,288.2
2025-07-07 23:48:00,24.3,64.0,6.2,46.9,290.7
2025-07-08 00:31:00,23.9,65.5,6.0,46.1,285.8
2025-07-08 01:14:00,23.3,61.6,5.9,47.4,292.7
2025-07-08 01:57:00,23.3,64.4,5.9,48.2,289.9
2025-07-08 02:40:00,23.8,67.2,6.2,45.3,290.6
2025-07-08 03:23:00,24.8,63.2,6.2,48.5,285.2
2025-07-08 04:06:00,23.8,61.9,6.1,46.0,291.8
2025-07-08 04:49:00,23.2,62.3,6.3,45.4,286.4
2025-07-08 05:32:00,23.8,61.4,6.2,45.5,287.9
2025-07-08 06:15:00,23.8,62.0,6.3,47.8,279.6
2025-07-08 06:58:00,22.6,62.8,6.0,48.0,283.2
2025-07-08 07:41:00,23.9,60.7,6.1,45.8,287.5
2025-07-08 08:24:00,23.8,63.5,6.0,48.7,290.7
2025-07-08 09:07:00,24.3,65.3,6.1,47.1,284.2
2025-07-08 09:50:00,24.9,61.7,6.1,47.1,285.0
2025-07-08 10:33:00,24.5,66.5,6.2,46.1,287.7
2025-07-08 11:16:00,23.8,64.5,6.2,46.0,288.9
2025-07-08 11:59:00,23.4,65.5,6.2,46.8,285.7
2025-07-08 12:42:00,25.2,62.1,6.2,45.8,289.0
2025-07-08 13:25:00,24.0,65.2,6.4,47.5,280.4
2025-07-08 14:08:00,24.0,61.3,6.1,45.6,287.3
2025-07-08 14:51:00,24.0,65.2,6.1,48.7,293.5
2025-07-08 15:34:00,24.1,63.8,6.2,46.5,287.2
2025-07-08 16:17:00,23.9,64.5,6.1,47.4,288.8
2025-07-08 17:00:00,23.7,61.0,6.3,46.8,292.6
2025-07-08 17:43:00,23.7,61.6,6.1,46.2,284.0
2025-07-08 18:26:00,24.0,64.6,6.1,47.8,290.4
2025-07-08 19:09:00,23.7,61.5,6.1,44.2,293.5
2025-07-08 19:52:00,23.6,64.3,6.2,45.6,285.1
2025-07-08 20:35:00,24.0,60.6,6.1,45.8,290.7
2025-07-08 21:18:00,23.9,65.0,6.1,45.7,285.0
2025-07-08 22:01:00,24.8,60.9,6.3,45.6,283.3
2025-07-08 22:44:00,22.7,64.4,6.1,47.5,289.5
2025-07-08 23:27:00,24.6,64.6,6.2,47.3,289.4
2025-07-09 00:10:00,24.6,61.9,6.2,46.6,289.9
2025-07-09 00:53:00,23.0,64.5,6.0,46.8,294.2
2025-07-09 01:36:00,23.8,63.8,6.2,46.8,286.2
2025-07-09 02:19:00,23.8,62.2,6.1,47.3,292.6
2025-07-09 03:02:00,23.3,61.2,6.3,47.2,285.4
2025-07-09 03:45:00,23.6,59.3,6.1,47.9,292.2
2025-07-09 04:28:00,23.5,63.9,6.2,46.3,286.7
2025-07-09 05:11:00,24.9,60.1,6.3,45.2,287.5
2025-07-09 05:54:00,24.5,63.4,6.3,45.5,287.1
2025-07-09 06:37:00,24.7,62.7,6.2,45.9,282.1
2025-07-09 07:20:00,24.4,64.6,6.2,46.4,283.9
2025-07-09 08:03:00,23.5,62.6,6.1,47.1,288.4
2025-07-09 08:46:00,23.8,62.5,6.3,46.6,280.0
2025-07-09 09:29:00,24.3,64.6,6.1,46.9,290.4
2025-07-09 10:12:00,23.4,63.8,6.1,47.1,291.1
2025-07-09 10:55:00,24.4,63.8,6.3,46.4,286.9
2025-07-09 11:38:00,23.9,64.1,6.1,46.5,284.7
2025-07-09 12:21:00,23.9,60.1,6.1,46.1,293.2
2025-07-09 13:04:00,24.4,64.6,6.0,45.5,295.0
2025-07-09 13:47:00,24.3,64.3,6.1,46.1,288.0
2025-07-09 14:30:00,23.9,61.1,6.2,47.1,289.1
2025-07-09 15:13:00,24.7,62.6,6.2,45.7,287.4
2025-07-09 15:56:00,23.5,63.0,6.3,45.8,287.2
2025-07-09 16:39:00,24.4,62.8,6.2,46.7,285.9
2025-07-09 17:22:00,24.4,63.7,6.2,47.1,287.0
2025-07-09 18:05:00,23.9,65.9,6.2,45.5,289.4
2025-07-09 18:48:00,24.3,65.2,6.2,47.3,292.8
2025-07-09 19:31:00,23.5,60.4,6.3,47.0,281.4
2025-07-09 20:14:00,24.6,64.3,6.2,45.3,286.2
2025-07-09 20:57:00,24.0,65.7,6.2,45.9,283.5
2025-07-09 21:40:00,23.8,63.8,6.1,48.2,293.0
2025-07-09 22:23:00,24.6,65.2,6.1,47.1,286.9
2025-07-09 23:06:00,23.8,67.0,6.3,43.9,280.7
2025-07-09 23:49:00,23.4,65.0,6.3,44.8,287.5
2025-07-10 00:32:00,23.3,63.5,6.3,45.9,291.1
2025-07-10 01:15:00,24.4,65.0,6.2,45.4,288.6
2025-07-10 01:58:00,23.5,63.2,6.3,45.4,285.3
2025-07-10 02:41:00,25.0,63.0,6.2,46.7,288.7
2025-07-10 03:24:00,23.1,62.2,6.3,47.4,289.7
2025-07-10 04:07:00,25.0,66.0,6.2,46.2,283.6
2025-07-10 04:50:00,24.2,61.3,6.1,47.8,287.7
2025-07-10 05:33:00,24.1,66.0,6.3,47.6,283.9
2025-07-10 06:16:00,23.9,63.9,6.3,47.7,282.4
2025-07-10 06:59:00,24.3,60.1,6.2,46.5,285.8
2025-07-10 07:42:00,24.1,63.6,6.2,44.4,289.8
2025-07-10 08:25:00,24.7,58.6,6.2,46.9,289.3
2025-07-10 09:08:00,24.2,64.1,6.5,46.3,284.8
2025-07-10 09:51:00,24.2,64.6,6.3,45.7,285.0
2025-07-10 10:34:00,24.0,61.6,6.3,47.8,287.4
2025-07-10 11:17:00,24.1,63.1,6.2,47.2,284.0
2025-07-10 12:00:00,24.3,66.7,6.3,46.5,283.4
2025-07-10 12:43:00,23.3,61.8,6.3,47.2,286.6
2025-07-10 13:26:00,23.5,60.7,6.2,46.7,287.8
2025-07-10 14:09:00,24.5,65.7,6.2,44.0,287.4
2025-07-10 14:52:00,24.3,66.7,6.2,45.9,285.5
2025-07-10 15:35:00,24.1,62.8,5.9,49.2,290.2
2025-07-10 16:18:00,24.2,64.8,6.2,45.5,295.3
2025-07-10 17:01:00,24.4,65.4,6.2,46.4,289.5
2025-07-10 17:44:00,23.9,61.2,6.4,44.5,285.7
2025-07-10 18:27:00,23.8,61.7,6.2,48.1,286.0
2025-07-10 19:10:00,24.3,65.2,6.1,48.6,286.4
2025-07-10 19:53:00,23.7,66.1,6.2,45.5,285.5
2025-07-10 20:36:00,24.4,63.8,6.1,47.0,288.7
2025-07-10 21:19:00,23.3,60.9,6.3,45.4,280.5
2025-07-10 22:02:00,24.7,66.6,6.3,46.8,280.5
2025-07-10 22:45:00,24.4,61.6,6.3,46.4,283.3
2025-07-10 23:28:00,24.3,62.0,6.2,47.5,288.4
2025-07-11 00:11:00,24.7,63.3,6.2,46.6,285.5
2025-07-11 00:54:00,25.0,65.7,6.1,49.9,292.3
2025-07-11 01:37:00,24.7,64.3,6.3,44.9,280.5
2025-07-11 02:20:00,23.3,63.4,6.3,44.3,283.2
2025-07-11 03:03:00,23.6,63.5,6.3,45.7,290.0
2025-07-11 03:46:00,23.9,62.7,6.2,44.7,286.7
2025-07-11 04:29:00,24.2,63.7,6.3,44.6,288.1
2025-07-11 05:12:00,24.5,57.5,6.4,44.5,291.1
2025-07-11 05:55:00,23.9,62.0,6.2,45.5,284.8
2025-07-11 06:38:00,24.3,63.0,6.3,45.2,285.7
2025-07-11 07:21:00,23.9,60.2,6.1,47.3,287.6
2025-07-11 08:04:00,23.9,63.3,6.2,46.2,281.6
2025-07-11 08:47:00,23.5,62.1,6.3,46.0,285.3
2025-07-11 09:30:00,23.8,66.0,6.4,46.6,286.5
2025-07-11 10:13:00,23.6,65.6,6.2,45.6,287.6
2025-07-11 10:56:00,23.8,61.5,6.2,46.1,288.6
2025-07-11 11:39:00,24.8,62.2,6.2,46.8,285.8
2025-07-11 12:22:00,23.8,62.3,6.2,44.6,285.1
2025-07-11 13:05:00,25.6,61.5,6.3,43.7,289.7
2025-07-11 13:48:00,24.5,62.8,6.1,47.3,286.8
2025-07-11 14:31:00,24.4,60.9,6.4,46.1,285.4
2025-07-11 15:14:00,23.8,60.2,6.2,48.6,288.1
2025-07-11 15:57:00,24.6,63.7,6.3,46.0,289.2
2025-07-11 16:40:00,24.0,63.7,6.1,47.7,290.7
2025-07-11 17:23:00,24.3,60.8,6.3,45.7,281.5
2025-07-11 18:06:00,25.6,64.2,6.3,46.1,281.2
2025-07-11 18:49:00,24.2,61.1,6.3,47.7,287.5
2025-07-11 19:32:00,24.9,62.9,6.2,44.6,287.3
2025-07-11 20:15:00,23.9,64.0,6.3,46.5,284.0
2025-07-11 20:58:00,24.3,62.3,6.1,48.9,290.9
2025-07-11 21:41:00,25.2,63.2,6.2,46.6,286.8
2025-07-11 22:24:00,24.0,61.3,6.4,47.3,284.8
2025-07-11 23:07:00,25.2,61.9,6.3,45.1,287.2
2025-07-11 23:50:00,24.7,61.9,6.3,46.1,284.9
2025-07-12 00:33:00,24.0,60.8,6.2,46.7,292.4
2025-07-12 01:16:00,24.6,61.9,6.3,43.6,282.7
2025-07-12 01:59:00,24.8,59.2,6.3,45.0,288.5
2025-07-12 02:42:00,24.6,61.3,6.0,46.2,293.9
2025-07-12 03:25:00,23.5,61.7,6.4,46.6,280.7
2025-07-12 04:08:00,24.0,61.7,6.3,47.0,285.0
2025-07-12 04:51:00,24.2,61.7,6.4,45.8,287.6
2025-07-12 05:34:00,24.3,62.1,6.2,47.5,291.0
2025-07-12 06:17:00,24.6,63.2,6.0,47.5,289.9
2025-07-12 07:00:00,24.4,63.9,6.3,47.2,282.9
2025-07-12 07:43:00,23.7,60.9,6.3,46.0,288.5
2025-07-12 08:26:00,24.5,59.8,6.1,47.0,292.4
2025-07-12 09:09:00,24.7,60.1,6.2,46.3,284.2
2025-07-12 09:52:00,24.6,61.2,6.6,45.4,278.3
2025-07-12 10:35:00,24.9,61.4,6.3,45.8,287.1
2025-07-12 11:18:00,24.8,60.6,6.4,46.7,286.9
2025-07-12 12:01:00,24.6,59.5,6.2,45.3,286.4
2025-07-12 12:44:00,24.3,61.2,6.1,46.0,291.1
2025-07-12 13:27:00,23.5,62.5,6.3,46.8,283.8
2025-07-12 14:10:00,24.6,63.3,6.3,46.1,279.5
2025-07-12 14:53:00,24.5,61.0,6.3,45.8,285.3
2025-07-12 15:36:00,24.5,61.3,6.3,47.0,286.2
2025-07-12 16:19:00,23.7,60.2,6.3,45.3,284.8
2025-07-12 17:02:00,23.8,62.0,6.3,45.9,282.4
2025-07-12 17:45:00,24.9,60.3,6.2,48.1,282.4
2025-07-12 18:28:00,24.4,63.2,6.3,47.3,283.1
2025-07-12 19:11:00,24.7,58.5,6.1,48.6,292.0
2025-07-12 19:54:00,24.4,61.3,6.1,46.8,292.6
2025-07-12 20:37:00,24.4,62.6,6.4,46.9,287.9
2025-07-12 21:20:00,24.9,62.4,6.4,44.8,282.3
2025-07-12 22:03:00,24.1,67.4,6.3,45.1,281.1
2025-07-12 22:46:00,24.5,62.7,6.2,44.3,289.0
2025-07-12 23:29:00,24.2,60.0,6.2,48.0,288.9
2025-07-13 00:12:00,24.2,61.8,6.3,45.2,287.2
2025-07-13 00:55:00,24.3,58.4,6.1,46.6,282.6
2025-07-13 01:38:00,24.5,61.8,6.2,45.4,284.1
2025-07-13 02:21:00,24.2,60.3,6.4,46.3,284.8
2025-07-13 03:04:00,25.1,63.7,6.5,44.9,284.4
2025-07-13 03:47:00,24.0,60.8,6.3,44.9,288.6
2025-07-13 04:30:00,24.3,61.7,6.4,46.0,284.8
2025-07-13 05:13:00,24.2,60.6,6.1,45.5,289.6
2025-07-13 05:56:00,25.2,65.4,6.4,44.8,284.0
2025-07-13 06:39:00,24.5,61.2,6.2,44.2,288.8
2025-07-13 07:22:00,25.0,65.5,6.3,44.4,285.2
2025-07-13 08:05:00,23.7,63.5,6.3,46.2,285.6
2025-07-13 08:48:00,24.6,62.8,6.4,43.3,282.4
2025-07-13 09:31:00,24.9,62.6,6.2,44.9,286.8
2025-07-13 10:14:00,24.5,62.6,6.4,45.6,285.7
2025-07-13 10:57:00,25.0,58.0,6.3,45.5,287.3
2025-07-13 11:40:00,24.2,61.2,6.3,48.0,286.8
2025-07-13 12:23:00,25.2,63.5,6.3,47.8,289.3
2025-07-13 13:06:00,25.6,61.7,6.2,45.4,287.4
2025-07-13 13:49:00,24.3,59.0,6.3,46.4,283.9
2025-07-13 14:32:00,24.3,61.7,6.3,46.7,288.0
2025-07-13 15:15:00,25.2,65.2,6.3,45.2,280.1
2025-07-13 15:58:00,25.3,64.2,6.3,44.3,281.4
2025-07-13 16:41:00,24.2,61.6,6.4,45.5,285.1
2025-07-13 17:24:00,24.3,63.6,6.4,45.2,285.0
2025-07-13 18:07:00,24.3,61.0,6.2,45.9,283.2
2025-07-13 18:50:00,23.8,58.3,6.4,45.9,283.4
2025-07-13 19:33:00,24.0,59.8,6.2,45.7,285.5
2025-07-13 20:16:00,24.0,64.8,6.4,44.4,282.2
2025-07-13 20:59:00,24.1,61.1,6.4,45.6,287.2
2025-07-13 21:42:00,24.5,61.2,6.1,47.2,290.2
2025-07-13 22:25:00,24.6,61.0,6.3,44.6,285.1
2025-07-13 23:08:00,25.3,65.4,6.3,47.0,283.4
2025-07-13 23:51:00,24.0,64.9,6.3,44.4,281.6
2025-07-14 00:34:00,25.0,66.1,6.5,44.6,286.4
2025-07-14 01:17:00,24.4,61.3,6.3,45.9,287.9
2025-07-14 02:00:00,24.5,62.2,6.3,45.6,284.0
2025-07-14 02:43:00,24.9,58.6,6.3,45.2,287.7
2025-07-14 03:26:00,24.0,64.5,6.4,47.3,283.2
2025-07-14 04:09:00,24.7,59.2,6.3,45.0,284.9
2025-07-14 04:52:00,24.6,62.0,6.5,47.6,284.5
2025-07-14 05:35:00,24.8,59.4,6.4,45.9,282.4
2025-07-14 06:18:00,24.7,60.4,6.1,46.9,287.5
2025-07-14 07:01:00,25.8,59.9,6.3,46.5,286.5
2025-07-14 07:44:00,24.2,60.3,6.3,48.6,284.6
2025-07-14 08:27:00,24.3,60.4,6.4,44.5,286.5
2025-07-14 09:10:00,24.2,60.4,6.1,45.9,294.7
2025-07-14 09:53:00,24.3,63.2,6.6,43.7,278.5
2025-07-14 10:36:00,24.2,59.3,6.4,45.5,279.6
2025-07-14 11:19:00,25.2,61.9,6.4,43.9,278.6
2025-07-14 12:02:00,25.3,63.9,6.5,45.2,282.2
2025-07-14 12:45:00,24.3,60.4,6.6,46.2,279.6
2025-07-14 13:28:00,24.2,60.0,6.4,45.4,284.5
2025-07-14 14:11:00,24.8,61.0,6.5,44.9,283.9
2025-07-14 14:54:00,24.3,63.8,6.4,45.0,279.4
2025-07-14 15:37:00,24.9,61.8,6.3,46.7,279.5
2025-07-14 16:20:00,24.7,60.3,6.3,45.1,286.6
2025-07-14 17:03:00,23.8,62.4,6.3,48.0,286.3
2025-07-14 17:46:00,25.4,59.2,6.3,48.0,285.0
2025-07-14 18:29:00,25.5,62.7,6.2,46.6,281.6
2025-07-14 19:12:00,24.3,62.2,6.4,45.7,286.1
2025-07-14 19:55:00,24.4,60.7,6.2,47.5,291.2
2025-07-14 20:38:00,24.7,59.7,6.4,46.7,285.6
2025-07-14 21:21:00,24.8,59.6,6.4,44.9,282.6
2025-07-14 22:04:00,24.9,62.4,6.4,45.1,284.4
2025-07-14 22:47:00,25.6,63.8,6.3,44.6,280.9
2025-07-14 23:30:00,24.5,60.0,6.7,44.5,283.5
2025-07-15 00:13:00,24.2,62.2,6.5,45.6,282.7
2025-07-15 00:56:00,23.9,57.1,6.2,44.9,282.1
2025-07-15 01:39:00,24.3,60.1,6.4,45.1,283.6
2025-07-15 02:22:00,24.6,61.2,6.3,44.6,286.9
2025-07-15 03:05:00,25.5,59.4,6.3,45.2,285.5
2025-07-15 03:48:00,24.4,59.4,6.2,46.8,286.2
2025-07-15 04:31:00,24.7,59.9,6.4,44.7,280.5
2025-07-15 05:14:00,24.6,61.8,6.3,45.6,287.2
2025-07-15 05:57:00,25.2,60.8,6.5,43.5,281.2
2025-07-15 06:40:00,25.9,56.7,6.5,45.3,277.5
2025-07-15 07:23:00,24.4,56.9,6.5,44.9,282.2
2025-07-15 08:06:00,24.4,60.0,6.3,45.3,289.0
2025-07-15 08:49:00,25.2,62.1,6.4,45.2,282.5
2025-07-15 09:32:00,25.0,55.7,6.4,45.4,289.9
2025-07-15 10:15:00,25.6,60.1,6.3,45.0,286.7
2025-07-15 10:58:00,25.0,60.1,6.3,44.5,286.9
2025-07-15 11:41:00,24.5,63.9,6.5,46.6,281.1
2025-07-15 12:24:00,25.0,60.3,6.4,44.8,284.1
2025-07-15 13:07:00,25.2,61.9,6.5,45.1,282.5
2025-07-15 13:50:00,25.1,61.4,6.3,47.0,284.7
2025-07-15 14:33:00,24.9,56.8,6.3,49.7,288.7
2025-07-15 15:16:00,25.2,62.6,6.3,44.6,282.1
2025-07-15 15:59:00,25.3,61.5,6.4,46.0,281.3
2025-07-15 16:42:00,25.4,62.1,6.3,45.4,282.4
2025-07-15 17:25:00,25.0,68.9,6.4,45.0,288.9
2025-07-15 18:08:00,24.6,56.9,6.2,45.6,289.3
2025-07-15 18:51:00,24.8,64.5,6.3,44.9,286.2
2025-07-15 19:34:00,25.3,60.4,6.5,45.1,280.3
2025-07-15 20:17:00,24.3,61.6,6.5,43.7,285.2
2025-07-15 21:00:00,24.9,60.9,6.4,46.6,284.6
2025-07-15 21:43:00,24.5,60.1,6.3,46.1,286.6
2025-07-15 22:26:00,24.7,59.8,6.3,46.4,283.1
2025-07-15 23:09:00,25.3,61.6,6.4,45.2,285.2
2025-07-15 23:52:00,24.8,57.9,6.5,44.8,282.6
2025-07-16 00:35:00,24.7,62.4,6.5,45.3,280.2
2025-07-16 01:18:00,24.0,60.1,6.4,44.6,287.3
2025-07-16 02:01:00,25.1,58.7,6.3,45.7,281.8
2025-07-16 02:44:00,25.0,60.0,6.4,44.5,285.7
2025-07-16 03:27:00,25.8,63.4,6.3,45.0,287.0
2025-07-16 04:10:00,24.6,59.8,6.4,43.6,282.5
2025-07-16 04:53:00,24.8,61.6,6.5,46.1,279.6
2025-07-16 05:36:00,24.9,59.4,6.5,44.3,282.5
2025-07-16 06:19:00,25.5,62.4,6.4,46.5,284.4
2025-07-16 07:02:00,24.7,62.2,6.3,47.1,285.3
2025-07-16 07:45:00,24.9,64.5,6.4,44.0,284.3
2025-07-16 08:28:00,25.1,60.5,6.5,43.8,287.9
2025-07-16 09:11:00,24.8,62.2,6.4,48.2,282.8
2025-07-16 09:54:00,24.5,61.0,6.6,46.5,276.8
2025-07-16 10:37:00,24.9,63.4,6.5,44.7,284.1
2025-07-16 11:20:00,25.3,59.4,6.6,44.8,286.9
2025-07-16 12:03:00,24.3,62.3,6.5,44.6,284.4
2025-07-16 12:46:00,24.8,60.4,6.5,45.5,279.9
2025-07-16 13:29:00,24.4,60.6,6.6,44.0,281.5
2025-07-16 14:12:00,25.4,60.9,6.5,43.1,279.9
2025-07-16 14:55:00,24.0,61.2,6.4,44.3,286.5
2025-07-16 15:38:00,24.5,60.5,6.4,45.6,280.6
2025-07-16 16:21:00,25.0,61.2,6.5,44.1,282.6
2025-07-16 17:04:00,25.6,63.9,6.3,45.9,282.2
2025-07-16 17:47:00,24.8,62.7,6.4,44.3,284.1
2025-07-16 18:30:00,24.5,62.4,6.5,44.0,280.8
2025-07-16 19:13:00,25.7,59.8,6.2,47.3,287.9
2025-07-16 19:56:00,24.1,58.9,6.6,44.8,282.0
2025-07-16 20:39:00,23.7,62.6,6.5,44.8,278.8
2025-07-16 21:22:00,25.0,62.4,6.4,46.4,286.1
2025-07-16 22:05:00,24.6,63.6,6.5,45.5,282.3
2025-07-16 22:48:00,24.3,59.4,6.4,46.8,281.1
2025-07-16 23:31:00,25.2,60.2,6.6,44.2,288.8
2025-07-17 00:14:00,24.9,57.3,6.5,44.4,284.4
2025-07-17 00:57:00,24.5,59.8,6.3,44.7,285.6
2025-07-17 01:40:00,24.2,62.6,6.5,44.6,286.7
2025-07-17 02:23:00,25.3,59.7,6.4,46.4,289.8
2025-07-17 03:06:00,25.2,61.9,6.5,46.5,282.9
2025-07-17 03:49:00,24.8,60.2,6.4,46.6,285.9
2025-07-17 04:32:00,25.8,61.2,6.6,42.6,278.0
2025-07-17 05:15:00,24.3,58.2,6.5,45.8,282.2
2025-07-17 05:58:00,24.1,60.7,6.4,43.8,284.2
2025-07-17 06:41:00,24.5,54.5,6.3,46.8,287.4
2025-07-17 07:24:00,24.8,60.1,6.4,45.1,285.3
2025-07-17 08:07:00,25.0,57.2,6.5,45.7,285.3
2025-07-17 08:50:00,24.7,62.9,6.5,43.8,283.5
2025-07-17 09:33:00,25.0,62.0,6.6,45.8,277.8
2025-07-17 10:16:00,24.2,61.4,6.5,43.4,279.4
2025-07-17 10:59:00,25.6,63.5,6.6,44.1,279.9
2025-07-17 11:42:00,24.8,58.6,6.5,44.1,282.6
2025-07-17 12:25:00,25.4,63.9,6.3,44.2,288.1
2025-07-17 13:08:00,25.0,62.3,6.4,45.4,280.0
2025-07-17 13:51:00,25.1,60.0,6.6,46.5,281.0
2025-07-17 14:34:00,25.2,62.7,6.5,47.9,286.0
2025-07-17 15:17:00,25.1,58.2,6.5,45.0,282.3
2025-07-17 16:00:00,25.2,58.7,6.4,46.5,285.7
2025-07-17 16:43:00,25.5,59.2,6.4,45.9,284.9
2025-07-17 17:26:00,25.0,59.3,6.5,45.7,284.7
2025-07-17 18:09:00,25.2,58.3,6.5,44.7,282.7
2025-07-17 18:52:00,24.8,62.8,6.4,45.7,286.0
2025-07-17 19:35:00,25.6,59.8,6.4,45.8,279.3
2025-07-17 20:18:00,24.6,61.0,6.4,45.1,283.6
2025-07-17 21:01:00,25.8,59.2,6.6,44.5,282.9
2025-07-17 21:44:00,24.9,56.7,6.4,45.2,286.2
2025-07-17 22:27:00,24.2,60.8,6.6,45.3,285.6
2025-07-17 23:10:00,25.0,56.5,6.6,43.3,280.7
2025-07-17 23:53:00,24.6,60.1,6.5,45.1,288.0
2025-07-18 00:36:00,25.3,57.5,6.4,47.6,283.4
2025-07-18 01:19:00,24.6,64.2,6.3,47.3,289.7
2025-07-18 02:02:00,24.7,62.1,6.3,47.2,287.6
2025-07-18 02:45:00,24.0,60.5,6.3,45.8,282.6
2025-07-18 03:28:00,24.7,62.8,6.6,44.7,281.7
2025-07-18 04:11:00,23.7,58.5,6.5,46.1,283.3
2025-07-18 04:54:00,24.1,61.3,6.5,46.5,284.4
2025-07-18 05:37:00,25.3,60.6,6.3,44.3,285.8
2025-07-18 06:20:00,25.3,60.7,6.4,44.4,284.0
2025-07-18 07:03:00,25.2,62.7,6.6,46.0,285.5
2025-07-18 07:46:00,24.5,61.6,6.5,44.7,282.2
2025-07-18 08:29:00,24.9,60.7,6.5,44.5,285.8
2025-07-18 09:12:00,25.0,56.8,6.5,43.5,282.3
2025-07-18 09:55:00,24.4,58.2,6.6,43.7,286.1
2025-07-18 10:38:00,25.7,59.9,6.5,43.8,281.5
2025-07-18 11:21:00,25.4,60.3,6.5,47.1,281.2
2025-07-18 12:04:00,24.9,57.9,6.5,44.9,287.9
2025-07-18 12:47:00,25.0,64.9,6.7,43.8,277.2
2025-07-18 13:30:00,25.1,63.1,6.3,46.7,290.5
2025-07-18 14:13:00,24.0,61.3,6.6,45.7,284.5
2025-07-18 14:56:00,24.9,60.2,6.5,46.0,282.8
2025-07-18 15:39:00,24.6,59.6,6.6,45.8,276.9
2025-07-18 16:22:00,24.5,58.2,6.4,44.7,284.4
2025-07-18 17:05:00,24.8,60.2,6.5,44.7,283.4
2025-07-18 17:48:00,25.9,60.6,6.6,45.4,285.4
2025-07-18 18:31:00,25.3,57.5,6.8,42.9,283.6
2025-07-18 19:14:00,24.7,60.7,6.6,44.6,279.6
2025-07-18 19:57:00,25.3,59.7,6.4,45.8,286.7
2025-07-18 20:40:00,25.7,56.2,6.5,46.0,286.7
2025-07-18 21:23:00,25.5,58.3,6.5,43.4,287.2
2025-07-18 22:06:00,25.0,59.1,6.3,46.6,287.3
2025-07-18 22:49:00,24.7,63.7,6.5,44.9,276.9
2025-07-18 23:32:00,25.4,61.1,6.6,45.3,281.2
2025-07-19 00:15:00,25.2,57.3,6.4,46.4,281.9
2025-07-19 00:58:00,25.5,60.9,6.6,46.1,280.5
2025-07-19 01:41:00,25.3,56.8,6.6,46.1,285.7
2025-07-19 02:24:00,25.6,62.1,6.4,46.7,284.5
2025-07-19 03:07:00,24.8,59.0,6.5,46.5,286.7
2025-07-19 03:50:00,25.7,59.7,6.7,44.4,281.5
2025-07-19 04:33:00,25.1,62.5,6.6,44.6,277.3
2025-07-19 05:16:00,26.1,57.3,6.5,45.8,275.8
2025-07-19 05:59:00,24.7,57.1,6.5,45.8,284.2
2025-07-19 06:42:00,25.9,58.7,6.5,44.6,282.3
2025-07-19 07:25:00,25.1,61.9,6.5,45.6,280.2
2025-07-19 08:08:00,24.7,56.8,6.3,45.9,281.4
2025-07-19 08:51:00,24.8,54.2,6.7,43.0,278.6
2025-07-19 09:34:00,24.9,58.9,6.5,46.1,282.1
2025-07-19 10:17:00,25.3,60.9,6.6,44.8,283.9
2025-07-19 11:00:00,25.3,62.2,6.5,47.0,282.9
2025-07-19 11:43:00,24.8,58.9,6.4,43.6,288.8
2025-07-19 12:26:00,25.1,59.0,6.5,44.4,280.0
2025-07-19 13:09:00,26.1,62.1,6.4,45.7,287.3
2025-07-19 13:52:00,25.9,56.0,6.8,44.9,280.2
2025-07-19 14:35:00,25.3,59.0,6.4,45.9,286.8
2025-07-19 15:18:00,25.1,60.1,6.4,45.7,282.8
2025-07-19 16:01:00,25.1,60.6,6.5,44.0,286.3
2025-07-19 16:44:00,25.4,58.7,6.7,43.1,281.8
2025-07-19 17:27:00,24.6,59.8,6.5,45.2,280.5
2025-07-19 18:10:00,25.0,54.7,6.4,44.1,285.4
2025-07-19 18:53:00,24.3,58.4,6.7,43.7,280.3
2025-07-19 19:36:00,25.3,60.6,6.6,45.0,282.8
2025-07-19 20:19:00,25.4,57.7,6.6,43.6,278.6
2025-07-19 21:02:00,24.9,59.8,6.6,46.1,281.4
2025-07-19 21:45:00,25.9,60.5,6.8,44.8,280.0
2025-07-19 22:28:00,24.5,58.9,6.8,42.2,279.5
2025-07-19 23:11:00,24.4,60.0,6.5,44.2,287.5
2025-07-19 23:54:00,25.2,57.7,6.7,41.7,282.8
2025-07-20 00:37:00,25.6,59.2,6.6,43.8,282.0
2025-07-20 01:20:00,26.0,60.8,6.6,45.3,282.1
2025-07-20 02:03:00,24.9,59.9,6.4,45.2,285.8
2025-07-20 02:46:00,25.7,58.4,6.5,45.3,284.1
2025-07-20 03:29:00,25.1,60.0,6.5,43.7,278.1
2025-07-20 04:12:00,25.0,61.0,6.6,45.2,280.0
2025-07-20 04:55:00,25.6,55.4,6.7,43.7,277.2
2025-07-20 05:38:00,25.5,61.9,6.3,45.8,288.9
2025-07-20 06:21:00,24.4,58.9,6.5,44.7,282.4
2025-07-20 07:04:00,25.9,60.4,6.7,42.9,279.9
2025-07-20 07:47:00,25.8,61.9,6.5,43.7,284.8
2025-07-20 08:30:00,24.8,56.8,6.6,45.4,283.1
2025-07-20 09:13:00,25.4,58.1,6.6,45.0,278.7
2025-07-20 09:56:00,25.4,58.9,6.6,45.6,281.7
2025-07-20 10:39:00,25.3,57.9,6.5,45.2,282.0
2025-07-20 11:22:00,24.9,62.9,6.4,45.5,278.2
2025-07-20 12:05:00,24.8,57.7,6.4,43.6,282.2
2025-07-20 12:48:00,25.2,58.3,6.6,44.1,280.9
2025-07-20 13:31:00,25.8,59.8,6.6,44.7,281.8
2025-07-20 14:14:00,25.4,57.0,6.5,46.7,278.5
2025-07-20 14:57:00,25.0,58.6,6.5,45.6,286.5
2025-07-20 15:40:00,25.6,60.0,6.5,46.4,282.2
2025-07-20 16:23:00,23.8,58.7,6.7,44.8,280.9
2025-07-20 17:06:00,25.8,59.2,6.5,44.1,283.9
2025-07-20 17:49:00,24.3,58.3,6.4,45.5,282.0
2025-07-20 18:32:00,25.0,56.3,6.6,44.5,283.0
2025-07-20 19:15:00,24.6,60.0,6.5,43.8,281.2
2025-07-20 19:58:00,24.6,62.8,6.6,44.3,278.7
2025-07-20 20:41:00,25.8,59.4,6.7,43.7,281.4
2025-07-20 21:24:00,25.0,59.8,6.6,46.3,286.5
2025-07-20 22:07:00,25.4,60.7,6.6,42.4,283.6
2025-07-20 22:50:00,25.2,56.8,6.5,46.4,287.1
2025-07-20 23:33:00,25.5,62.7,6.5,43.8,280.2
2025-07-21 00:16:00,25.3,59.7,6.6,43.0,276.3
2025-07-21 00:59:00,24.6,62.5,6.4,46.6,288.2
2025-07-21 01:42:00,25.7,57.8,6.6,45.3,288.2
2025-07-21 02:25:00,25.0,62.9,6.6,45.8,285.8
2025-07-21 03:08:00,24.5,60.8,6.6,45.4,280.6
2025-07-21 03:51:00,25.0,60.3,6.7,46.2,276.8
2025-07-21 04:34:00,26.0,59.7,6.6,45.0,278.2
2025-07-21 05:17:00,25.7,58.7,6.7,43.7,274.8
2025-07-21 06:00:00,25.1,61.6,6.5,45.4,282.6
2025-07-21 06:43:00,25.1,59.5,6.6,45.8,286.5
2025-07-21 07:26:00,25.1,55.2,6.6,43.8,282.2
2025-07-21 08:09:00,26.3,56.9,6.5,44.5,284.9
2025-07-21 08:52:00,25.4,58.8,6.7,43.8,284.7
2025-07-21 09:35:00,25.5,59.8,6.8,41.3,277.1
2025-07-21 10:18:00,25.8,59.0,6.6,44.7,288.0
2025-07-21 11:01:00,25.4,61.6,6.6,42.4,286.6
2025-07-21 11:44:00,25.1,55.2,6.6,44.6,282.1
2025-07-21 12:27:00,25.2,59.4,6.5,45.8,281.1
2025-07-21 13:10:00,25.2,55.5,6.4,45.0,287.4
2025-07-21 13:53:00,25.3,60.6,6.5,46.6,281.5
2025-07-21 14:36:00,25.6,58.9,6.5,43.8,280.5
2025-07-21 15:19:00,25.3,59.9,6.8,44.9,282.9
2025-07-21 16:02:00,25.6,57.3,6.6,45.3,285.9
2025-07-21 16:45:00,25.2,61.6,6.6,43.0,282.2
2025-07-21 17:28:00,25.3,61.1,6.7,46.8,276.2
2025-07-21 18:11:00,24.3,60.2,6.5,45.0,279.5
2025-07-21 18:54:00,25.8,58.8,6.5,44.0,283.2
2025-07-21 19:37:00,25.5,60.2,6.6,43.1,279.9
2025-07-21 20:20:00,25.8,57.6,6.7,43.8,279.4
2025-07-21 21:03:00,23.9,60.7,6.7,44.1,283.7
2025-07-21 21:46:00,26.4,62.3,6.6,44.5,282.8
2025-07-21 22:29:00,25.2,61.1,6.6,44.1,285.2
2025-07-21 23:12:00,25.9,57.5,6.6,44.9,278.4
2025-07-21 23:55:00,24.8,59.7,6.6,44.0,280.2
2025-07-22 00:38:00,25.6,56.3,6.5,43.0,286.0
2025-07-22 01:21:00,24.8,60.1,6.6,44.3,282.6
2025-07-22 02:04:00,25.0,59.8,6.5,42.6,287.6
2025-07-22 02:47:00,26.3,55.2,6.6,44.8,283.5
2025-07-22 03:30:00,25.2,56.6,6.6,43.7,288.3
2025-07-22 04:13:00,25.4,58.3,6.9,43.3,279.5
2025-07-22 04:56:00,25.8,58.3,6.6,45.8,284.9
2025-07-22 05:39:00,25.6,56.4,6.5,44.2,283.1
2025-07-22 06:22:00,25.4,59.6,6.6,45.6,281.6
2025-07-22 07:05:00,25.5,59.3,6.7,43.7,283.4
2025-07-22 07:48:00,26.6,58.4,6.8,45.3,283.9
2025-07-22 08:31:00,25.3,57.3,6.6,44.3,284.8
2025-07-22 09:14:00,25.5,60.9,6.5,44.4,283.2
2025-07-22 09:57:00,25.9,62.1,6.7,44.7,283.7
2025-07-22 10:40:00,25.9,57.8,6.5,44.7,277.1
2025-07-22 11:23:00,26.0,57.6,6.6,43.8,278.1
2025-07-22 12:06:00,25.7,59.8,6.6,44.0,283.6
2025-07-22 12:49:00,24.8,58.0,6.6,44.4,281.7
2025-07-22 13:32:00,26.2,58.5,6.7,45.4,282.2
2025-07-22 14:15:00,24.8,60.2,6.6,42.8,282.3
2025-07-22 14:58:00,25.5,54.9,6.6,44.5,284.2
2025-07-22 15:41:00,25.0,61.4,6.6,45.0,278.4
2025-07-22 16:24:00,25.4,58.9,6.6,44.5,282.8
2025-07-22 17:07:00,25.6,57.9,6.6,45.6,284.3
2025-07-22 17:50:00,25.6,58.5,6.7,44.1,284.3
2025-07-22 18:33:00,25.6,58.6,6.7,43.7,286.1
2025-07-22 19:16:00,26.2,55.2,6.7,44.7,282.1
2025-07-22 19:59:00,25.6,61.7,6.7,44.2,280.8
2025-07-22 20:42:00,25.3,58.7,6.5,44.7,279.0
2025-07-22 21:25:00,25.9,59.5,6.6,44.8,279.4
2025-07-22 22:08:00,26.0,60.5,6.7,43.4,279.5
2025-07-22 22:51:00,24.8,56.6,6.7,43.3,283.7
2025-07-22 23:34:00,25.7,59.6,6.6,44.1,280.2
2025-07-23 00:17:00,25.8,58.1,6.6,46.0,284.7
2025-07-23 01:00:00,25.3,60.3,6.6,41.4,281.7
2025-07-23 01:43:00,26.1,54.3,6.7,44.4,280.7
2025-07-23 02:26:00,25.4,58.4,6.7,43.8,280.4
2025-07-23 03:09:00,25.5,57.4,6.6,42.8,280.8
2025-07-23 03:52:00,25.3,59.4,6.7,44.1,278.3
2025-07-23 04:35:00,25.4,59.5,6.7,44.7,275.6
2025-07-23 05:18:00,24.9,57.1,6.6,44.9,280.8
2025-07-23 06:01:00,24.7,57.1,6.6,41.7,280.2
2025-07-23 06:44:00,26.2,58.3,6.7,45.3,278.4
2025-07-23 07:27:00,25.0,56.7,6.7,43.4,282.2
2025-07-23 08:10:00,25.0,60.2,6.9,43.8,279.3
2025-07-23 08:53:00,24.4,57.7,6.6,45.4,283.2
2025-07-23 09:36:00,25.1,52.7,6.7,43.1,284.4
2025-07-23 10:19:00,24.8,57.7,6.6,45.2,283.7
2025-07-23 11:02:00,26.3,56.4,6.6,44.3,281.8
2025-07-23 11:45:00,26.0,55.2,6.7,42.2,280.3
2025-07-23 12:28:00,25.1,56.0,6.7,45.3,282.2
2025-07-23 13:11:00,26.6,58.6,6.9,42.0,278.3
2025-07-23 13:54:00,26.0,61.1,6.6,43.4,284.9
2025-07-23 14:37:00,25.3,59.0,6.5,44.4,286.1
2025-07-23 15:20:00,24.2,57.2,6.7,44.3,279.1
2025-07-23 16:03:00,26.6,59.3,6.5,45.2,283.5
2025-07-23 16:46:00,24.8,57.5,6.7,44.8,283.2
2025-07-23 17:29:00,24.7,57.0,6.7,42.8,284.3
2025-07-23 18:12:00,26.0,56.0,6.7,43.0,282.9
2025-07-23 18:55:00,26.7,54.8,6.8,43.6,279.9
2025-07-23 19:38:00,26.2,57.6,6.6,46.3,278.0
2025-07-23 20:21:00,25.8,58.6,6.7,44.1,278.0
2025-07-23 21:04:00,25.8,58.1,6.6,45.6,282.8
2025-07-23 21:47:00,25.9,57.5,6.6,44.8,283.7
2025-07-23 22:30:00,25.9,56.4,6.7,43.5,277.4
2025-07-23 23:13:00,25.7,59.5,6.5,44.5,282.6
2025-07-23 23:56:00,25.6,55.6,6.6,44.2,283.8
2025-07-24 00:39:00,25.5,59.8,6.6,45.2,278.5
2025-07-24 01:22:00,25.1,56.2,6.7,45.2,283.6
2025-07-24 02:05:00,25.4,56.7,6.9,43.6,277.2
2025-07-24 02:48:00,24.7,55.3,6.5,46.0,287.0
2025-07-24 03:31:00,25.5,57.2,6.5,44.1,282.1
2025-07-24 04:14:00,25.0,60.2,6.7,43.8,277.4
2025-07-24 04:57:00,25.0,59.2,6.7,43.4,279.1
2025-07-24 05:40:00,25.6,60.2,6.7,44.3,279.6
2025-07-24 06:23:00,26.2,59.2,6.6,44.0,279.9
2025-07-24 07:06:00,26.0,56.0,6.7,44.9,280.7
2025-07-24 07:49:00,24.8,57.5,6.7,43.0,281.2
2025-07-24 08:32:00,25.1,56.6,6.8,43.6,278.8
2025-07-24 09:15:00,26.0,60.8,6.5,45.7,282.8
2025-07-24 09:58:00,25.1,55.7,6.6,42.2,276.5
2025-07-24 10:41:00,25.5,59.9,6.7,46.1,281.1
2025-07-24 11:24:00,25.8,59.9,6.6,44.2,281.3
2025-07-24 12:07:00,25.1,61.8,6.9,41.2,282.0
2025-07-24 12:50:00,25.6,57.3,6.6,44.5,278.8
2025-07-24 13:33:00,24.9,59.5,6.7,44.1,274.9
2025-07-24 14:16:00,25.3,62.6,6.7,43.7,280.6
2025-07-24 14:59:00,25.7,56.8,6.6,45.3,282.7
2025-07-24 15:42:00,24.8,55.0,6.5,45.7,280.8
2025-07-24 16:25:00,25.8,54.3,6.7,44.5,277.3
2025-07-24 17:08:00,25.6,59.5,6.8,44.0,283.2
2025-07-24 17:51:00,25.9,54.3,6.7,44.1,285.9
2025-07-24 18:34:00,25.7,57.3,6.6,46.2,274.4
2025-07-24 19:17:00,26.3,58.9,6.8,42.1,277.5
2025-07-24 20:00:00,25.7,58.4,6.7,44.3,285.8
2025-07-24 20:43:00,25.4,58.8,6.7,44.3,279.5
2025-07-24 21:26:00,25.7,58.4,6.7,44.7,278.6
2025-07-24 22:09:00,25.9,60.5,6.8,42.8,277.8
2025-07-24 22:52:00,25.6,56.0,6.9,41.0,273.8
2025-07-24 23:35:00,25.6,56.6,6.8,43.7,274.2
2025-07-25 00:18:00,25.3,56.4,6.8,43.7,282.0
2025-07-25 01:01:00,25.3,59.6,6.7,45.7,275.2
2025-07-25 01:44:00,24.9,59.7,6.6,43.2,282.2
2025-07-25 02:27:00,26.5,58.8,6.7,45.1,282.7
2025-07-25 03:10:00,25.0,60.3,6.7,46.3,275.3
2025-07-25 03:53:00,25.3,55.5,6.6,44.1,279.6
2025-07-25 04:36:00,25.3,61.2,6.7,42.7,283.5
2025-07-25 05:19:00,26.1,60.9,6.8,43.3,280.6
2025-07-25 06:02:00,25.5,59.3,6.8,43.8,277.5
2025-07-25 06:45:00,26.3,61.4,6.8,44.2,282.3
2025-07-25 07:28:00,25.3,54.5,6.7,43.2,284.0
2025-07-25 08:11:00,25.8,56.8,6.7,45.7,281.9
2025-07-25 08:54:00,25.2,56.3,6.7,43.0,278.5
2025-07-25 09:37:00,26.7,59.2,6.6,42.8,280.4
2025-07-25 10:20:00,25.1,55.7,6.9,44.1,278.7
2025-07-25 11:03:00,25.8,59.3,6.7,41.6,279.2
2025-07-25 11:46:00,26.0,60.5,6.7,43.8,282.7
2025-07-25 12:29:00,25.9,59.2,6.6,47.5,276.6
2025-07-25 13:12:00,25.6,58.3,7.0,42.4,271.1
2025-07-25 13:55:00,25.6,55.8,6.6,43.3,282.6
2025-07-25 14:38:00,25.7,56.0,6.7,44.0,279.6
2025-07-25 15:21:00,25.6,60.2,6.8,43.6,277.0
2025-07-25 16:04:00,26.2,59.3,6.8,43.7,273.5
2025-07-25 16:47:00,26.8,57.6,6.8,44.0,278.7
2025-07-25 17:30:00,25.4,56.9,6.9,41.9,277.3
2025-07-25 18:13:00,25.0,53.6,6.8,45.3,282.0
2025-07-25 18:56:00,25.7,55.5,6.6,44.6,282.2
2025-07-25 19:39:00,27.0,61.5,6.7,44.7,279.2
2025-07-25 20:22:00,25.3,55.1,6.8,43.0,283.5
2025-07-25 21:05:00,26.5,58.0,6.9,44.1,272.8
2025-07-25 21:48:00,26.5,59.6,6.6,44.3,283.2
2025-07-25 22:31:00,25.4,55.1,6.9,43.5,273.6
2025-07-25 23:14:00,26.0,58.0,6.8,42.8,277.0
2025-07-25 23:57:00,26.5,59.5,6.8,42.4,274.6
2025-07-26 00:40:00,25.5,57.6,6.7,44.5,282.4
2025-07-26 01:23:00,25.6,63.3,6.7,43.8,279.8
2025-07-26 02:06:00,25.4,54.2,6.8,42.6,279.3
2025-07-26 02:49:00,25.2,59.7,6.8,42.8,275.1
2025-07-26 03:32:00,25.4,57.2,6.8,44.0,277.5
2025-07-26 04:15:00,25.1,59.1,6.7,43.1,277.2
2025-07-26 04:58:00,25.8,58.4,6.7,43.9,281.7
2025-07-26 05:41:00,25.4,56.1,6.6,44.6,279.4
2025-07-26 06:24:00,25.9,58.0,6.8,41.4,282.4
2025-07-26 07:07:00,25.0,53.8,6.8,42.1,274.8
2025-07-26 07:50:00,25.9,58.7,6.7,44.6,278.5
2025-07-26 08:33:00,26.2,58.1,6.7,43.3,285.4
2025-07-26 09:16:00,24.8,58.8,6.7,45.0,278.9
2025-07-26 09:59:00,25.9,59.6,6.6,45.4,277.6
2025-07-26 10:42:00,26.4,58.2,6.7,44.9,281.4
2025-07-26 11:25:00,25.2,57.7,6.6,46.1,279.9
2025-07-26 12:08:00,26.6,55.7,6.7,43.8,278.1
2025-07-26 12:51:00,26.0,56.0,6.7,44.7,277.8
2025-07-26 13:34:00,25.4,59.8,6.6,43.9,289.9
2025-07-26 14:17:00,25.8,60.3,7.0,45.1,275.3
2025-07-26 15:00:00,26.1,56.9,6.9,45.1,272.1
2025-07-26 15:43:00,25.8,57.5,6.7,44.1,285.2
2025-07-26 16:26:00,26.1,55.6,6.8,43.9,281.4
2025-07-26 17:09:00,25.3,59.7,6.8,44.8,276.2
2025-07-26 17:52:00,25.9,58.7,6.9,42.9,274.7
2025-07-26 18:35:00,25.1,61.2,6.7,43.4,282.0
2025-07-26 19:18:00,25.7,55.6,6.9,44.0,277.5
2025-07-26 20:01:00,25.4,56.6,6.7,44.0,274.7
2025-07-26 20:44:00,25.4,57.8,6.6,44.5,286.8
2025-07-26 21:27:00,26.4,58.6,6.8,42.5,276.8
2025-07-26 22:10:00,26.4,56.9,6.9,41.3,282.1
2025-07-26 22:53:00,26.1,55.5,7.0,42.6,279.8
2025-07-26 23:36:00,25.3,59.0,6.7,45.1,277.9
2025-07-27 00:19:00,25.7,58.7,6.8,43.1,281.2
2025-07-27 01:02:00,26.4,55.4,6.7,45.3,278.5
2025-07-27 01:45:00,25.9,60.0,6.9,42.5,272.1
2025-07-27 02:28:00,27.0,59.6,6.6,43.3,279.9
2025-07-27 03:11:00,26.0,57.5,6.7,44.2,282.4
2025-07-27 03:54:00,25.9,57.4,6.7,43.9,279.1
2025-07-27 04:37:00,25.7,58.3,6.8,44.3,278.1
2025-07-27 05:20:00,25.9,55.5,6.7,43.1,284.1
2025-07-27 06:03:00,25.8,57.2,6.8,44.6,278.7
2025-07-27 06:46:00,26.2,52.9,6.9,45.0,276.1
2025-07-27 07:29:00,26.3,58.9,6.8,43.2,280.2
2025-07-27 08:12:00,25.5,54.0,6.9,44.0,278.1
2025-07-27 08:55:00,25.2,60.2,6.8,42.3,270.5
2025-07-27 09:38:00,24.9,56.5,6.7,45.3,282.5
2025-07-27 10:21:00,26.1,56.7,6.9,43.9,278.5
2025-07-27 11:04:00,25.3,55.9,6.7,44.7,280.5
2025-07-27 11:47:00,24.8,56.5,6.9,43.1,280.7
2025-07-27 12:30:00,26.1,59.9,6.9,39.8,274.3
2025-07-27 13:13:00,27.1,52.1,6.8,42.7,280.5
2025-07-27 13:56:00,25.9,59.6,6.6,43.7,276.2
2025-07-27 14:39:00,26.3,57.7,6.7,43.0,281.6
2025-07-27 15:22:00,25.9,54.6,6.9,43.0,283.5
2025-07-27 16:05:00,25.8,54.9,6.8,43.2,276.9
2025-07-27 16:48:00,26.3,60.4,6.8,42.7,276.1
2025-07-27 17:31:00,25.7,55.1,6.9,42.1,276.2
2025-07-27 18:14:00,26.0,54.7,6.9,42.4,278.9
2025-07-27 18:57:00,26.1,59.3,6.8,44.5,275.0
2025-07-27 19:40:00,25.6,57.7,6.8,42.9,280.5
2025-07-27 20:23:00,26.4,55.1,6.8,43.1,282.5
2025-07-27 21:06:00,25.8,57.4,6.9,42.6,279.3
2025-07-27 21:49:00,25.5,54.9,6.9,43.5,273.3
2025-07-27 22:32:00,26.2,59.2,6.8,44.1,282.0
2025-07-27 23:15:00,25.5,59.1,6.9,39.9,279.8
2025-07-27 23:58:00,25.9,58.0,6.8,44.6,281.5
2025-07-28 00:41:00,25.9,57.6,6.7,45.3,281.3
2025-07-28 01:24:00,26.5,60.4,6.7,42.8,280.1
2025-07-28 02:07:00,26.2,56.9,6.7,43.0,283.5
2025-07-28 02:50:00,25.9,54.5,6.8,43.1,285.6
2025-07-28 03:33:00,26.3,57.8,6.9,42.1,274.1
2025-07-28 04:16:00,26.6,61.0,6.7,44.1,282.5
2025-07-28 04:59:00,26.2,54.8,6.8,41.4,278.8
2025-07-28 05:42:00,25.9,56.1,6.7,42.6,279.7
2025-07-28 06:25:00,25.3,57.7,6.8,45.1,274.5
2025-07-28 07:08:00,25.4,56.7,6.7,43.2,280.3
2025-07-28 07:51:00,25.8,54.9,6.8,44.8,276.6
2025-07-28 08:34:00,25.7,59.1,6.8,43.9,277.3
2025-07-28 09:17:00,25.9,61.4,6.9,41.3,273.8
2025-07-28 10:00:00,26.0,57.2,6.8,43.9,277.1
2025-07-28 10:43:00,26.2,55.0,6.7,43.9,279.8
2025-07-28 11:26:00,25.9,53.7,6.9,42.4,278.1
2025-07-28 12:09:00,26.2,57.3,6.8,43.5,273.5
2025-07-28 12:52:00,26.0,59.0,6.8,43.8,273.7
2025-07-28 13:35:00,25.0,57.7,6.8,44.1,279.7
2025-07-28 14:18:00,25.5,56.7,6.8,44.8,277.1
2025-07-28 15:01:00,25.9,55.5,6.8,43.7,281.9
2025-07-28 15:44:00,25.4,54.5,6.9,41.7,279.1
2025-07-28 16:27:00,26.3,58.4,6.7,43.8,282.8
2025-07-28 17:10:00,26.8,58.5,6.8,46.6,283.4
2025-07-28 17:53:00,26.6,53.6,6.8,44.2,278.8
2025-07-28 18:36:00,25.9,59.9,6.9,45.6,275.9
2025-07-28 19:19:00,26.7,57.8,7.0,44.1,279.3
2025-07-28 20:02:00,26.1,59.5,6.8,44.0,280.8
2025-07-28 20:45:00,25.8,54.0,6.8,43.9,279.4
2025-07-28 21:28:00,25.7,53.9,6.8,43.5,284.1
2025-07-28 22:11:00,25.9,56.3,6.8,42.0,279.2
2025-07-28 22:54:00,25.8,57.6,6.8,43.5,279.0
2025-07-28 23:37:00,26.1,60.2,6.9,44.1,276.8
2025-07-29 00:20:00,26.1,58.0,6.7,43.2,277.1
2025-07-29 01:03:00,26.0,56.1,6.9,43.5,278.2
2025-07-29 01:46:00,26.2,54.5,6.7,45.0,285.7
2025-07-29 02:29:00,26.6,59.0,6.8,42.7,280.2
2025-07-29 03:12:00,26.5,54.6,6.8,43.0,279.5
2025-07-29 03:55:00,25.3,59.8,7.0,41.4,274.9
2025-07-29 04:38:00,24.8,56.0,6.8,42.6,280.0
2025-07-29 05:21:00,26.5,59.7,6.6,43.1,283.4
2025-07-29 06:04:00,25.4,57.9,6.6,43.4,283.0
2025-07-29 06:47:00,25.9,56.2,6.9,44.7,277.5
2025-07-29 07:30:00,25.5,55.5,6.9,42.0,278.7
2025-07-29 08:13:00,25.2,55.8,6.9,43.2,279.4
2025-07-29 08:56:00,26.3,57.3,6.9,42.6,275.0
2025-07-29 09:39:00,26.4,56.6,7.0,43.8,277.1
2025-07-29 10:22:00,25.8,55.3,6.8,44.8,273.0
2025-07-29 11:05:00,24.8,56.1,6.9,43.6,278.5
2025-07-29 11:48:00,25.8,56.6,6.7,44.3,282.8
2025-07-29 12:31:00,26.3,52.2,6.8,43.4,282.8
2025-07-29 13:14:00,25.3,57.3,6.7,42.9,279.7
2025-07-29 13:57:00,26.2,54.4,6.8,45.3,280.1
2025-07-29 14:40:00,26.1,54.1,6.9,42.5,283.1
2025-07-29 15:23:00,26.4,53.0,6.9,43.8,283.0
2025-07-29 16:06:00,26.1,52.8,6.9,44.2,278.8
2025-07-29 16:49:00,25.6,53.7,6.8,43.1,280.6
2025-07-29 17:32:00,26.7,54.9,6.8,44.3,282.2
2025-07-29 18:15:00,26.0,60.2,6.7,44.7,275.2
2025-07-29 18:58:00,26.1,55.3,7.0,44.2,275.4
2025-07-29 19:41:00,25.6,56.7,6.8,42.8,282.6
2025-07-29 20:24:00,25.9,57.1,6.8,42.1,281.7
2025-07-29 21:07:00,25.7,56.6,7.0,41.9,276.9
2025-07-29 21:50:00,26.0,56.1,6.7,44.0,275.6
2025-07-29 22:33:00,27.0,53.9,6.8,43.8,280.2
2025-07-29 23:16:00,25.4,59.2,6.8,43.3,277.4
2025-07-29 23:59:00,25.3,59.9,6.9,41.3,278.5
2025-07-30 00:42:00,26.9,52.9,6.9,43.4,275.7
2025-07-30 01:25:00,26.0,54.2,6.9,44.7,274.3
2025-07-30 02:08:00,25.8,55.7,7.1,42.3,268.2
2025-07-30 02:51:00,26.7,54.3,6.7,44.8,285.5
2025-07-30 03:34:00,25.8,57.2,6.9,43.4,275.8
2025-07-30 04:17:00,27.1,54.7,6.8,43.8,279.7
2025-07-30 05:00:00,26.5,60.5,6.8,44.3,278.1
2025-07-30 05:43:00,25.9,58.6,6.8,43.8,275.3
2025-07-30 06:26:00,27.2,56.6,6.8,43.2,275.5
2025-07-30 07:09:00,25.8,58.2,7.1,41.4,272.1
2025-07-30 07:52:00,26.5,58.4,7.0,42.4,274.1
2025-07-30 08:35:00,26.3,55.0,6.9,43.4,279.3
2025-07-30 09:18:00,26.8,54.5,7.0,42.1,273.9
2025-07-30 10:01:00,26.9,56.3,6.7,44.1,285.4
2025-07-30 10:44:00,26.2,57.8,6.8,44.2,282.7
2025-07-30 11:27:00,25.8,56.4,6.7,45.0,283.6
2025-07-30 12:10:00,26.4,52.9,6.8,44.7,279.2
2025-07-30 12:53:00,25.8,54.5,6.9,43.0,282.5
2025-07-30 13:36:00,27.2,55.9,6.9,41.7,277.1
2025-07-30 14:19:00,26.2,55.9,6.9,42.6,277.6
2025-07-30 15:02:00,26.0,60.0,6.8,43.8,279.7
2025-07-30 15:45:00,26.3,53.3,7.0,40.8,279.3
2025-07-30 16:28:00,25.5,57.0,6.9,44.3,279.2
2025-07-30 17:11:00,25.7,59.0,7.0,42.8,274.7
2025-07-30 17:54:00,26.8,60.6,6.7,44.3,278.1
2025-07-30 18:37:00,25.9,55.2,6.9,44.2,279.4
2025-07-30 19:20:00,25.7,57.0,6.8,43.0,281.5
2025-07-30 20:03:00,26.5,57.1,6.9,43.8,277.0
2025-07-30 20:46:00,26.8,56.4,7.0,42.6,272.1
2025-07-30 21:29:00,26.6,55.8,6.9,42.8,277.0
2025-07-30 22:12:00,26.7,56.8,6.8,42.6,280.7
2025-07-30 22:55:00,25.8,50.9,6.9,44.6,284.1
2025-07-30 23:38:00,25.5,57.3,6.8,43.4,276.1
2025-07-31 00:21:00,27.0,56.2,7.0,43.1,274.6
2025-07-31 01:04:00,26.1,55.5,6.9,41.2,276.9
2025-07-31 01:47:00,26.1,60.0,7.0,43.6,279.2
2025-07-31 02:30:00,26.9,54.5,6.9,44.3,278.6
2025-07-31 03:13:00,26.5,55.1,6.9,43.3,275.9
2025-07-31 03:56:00,26.5,59.9,6.8,43.1,279.7
2025-07-31 04:39:00,27.3,54.2,7.0,42.9,275.4
2025-07-31 05:22:00,25.9,54.8,6.8,45.6,275.2
2025-07-31 06:05:00,26.7,55.5,7.0,40.8,274.0
2025-07-31 06:48:00,26.3,57.5,6.9,43.9,283.0
2025-07-31 07:31:00,26.4,56.2,6.7,43.0,281.6
2025-07-31 08:14:00,27.0,53.2,6.9,43.2,279.3
2025-07-31 08:57:00,26.5,54.7,6.8,43.2,278.8
2025-07-31 09:40:00,26.5,54.6,6.9,42.5,278.6
2025-07-31 10:23:00,26.8,55.6,6.8,43.5,280.2
2025-07-31 11:06:00,26.1,56.6,7.0,41.3,276.8
2025-07-31 11:49:00,25.9,56.6,6.9,44.0,277.8
2025-07-31 12:32:00,25.8,52.2,6.9,41.2,281.1
2025-07-31 13:15:00,25.3,57.9,7.0,43.1,276.1
2025-07-31 13:58:00,27.3,56.2,7.0,42.1,273.0
2025-07-31 14:41:00,25.7,58.5,6.9,41.7,275.1
2025-07-31 15:24:00,26.2,56.6,6.9,43.4,272.5
2025-07-31 16:07:00,26.2,57.9,6.8,42.2,285.7
2025-07-31 16:50:00,26.4,56.6,6.9,43.2,280.8
2025-07-31 17:33:00,26.7,58.4,6.9,41.7,275.3
2025-07-31 18:16:00,26.7,56.7,6.9,43.2,276.2
2025-07-31 18:59:00,26.0,55.5,6.9,42.1,276.0
2025-07-31 19:42:00,26.2,60.2,7.0,42.0,280.0
2025-07-31 20:25:00,26.4,57.4,6.9,43.4,273.6
2025-07-31 21:08:00,26.2,56.8,6.9,42.1,277.5
2025-07-31 21:51:00,27.1,53.1,7.1,42.2,275.7
2025-07-31 22:34:00,26.6,53.0,7.0,41.1,279.8
2025-07-31 23:17:00,26.7,56.2,6.9,43.5,276.9
2025-08-01 00:00:00,26.7,55.9,6.9,44.9,272.8
2025-08-01 00:43:00,26.9,54.4,6.9,45.9,277.7
2025-08-01 01:26:00,26.4,55.9,6.9,43.3,275.5
2025-08-01 02:09:00,25.7,58.7,6.9,43.8,277.6
2025-08-01 02:52:00,26.5,56.9,7.0,40.6,280.1
2025-08-01 03:35:00,26.0,53.3,6.9,44.4,272.8
2025-08-01 04:18:00,26.1,55.3,6.8,44.2,276.9
2025-08-01 05:01:00,26.6,53.9,7.1,41.4,273.2
2025-08-01 05:44:00,27.0,54.7,7.0,43.8,275.7
2025-08-01 06:27:00,26.4,54.7,6.8,43.2,281.6
2025-08-01 07:10:00,26.5,54.5,6.9,42.5,277.5
2025-08-01 07:53:00,27.2,53.0,7.0,43.2,278.7
2025-08-01 08:36:00,26.5,55.2,7.1,40.8,272.7
2025-08-01 09:19:00,27.7,54.3,6.8,44.3,279.7
2025-08-01 10:02:00,26.6,49.6,7.1,41.2,279.1
2025-08-01 10:45:00,25.5,59.5,7.1,41.0,272.0
2025-08-01 11:28:00,26.7,57.6,6.9,42.1,279.9
2025-08-01 12:11:00,26.6,54.7,6.9,43.6,277.8
2025-08-01 12:54:00,27.0,55.5,6.9,42.6,281.7
2025-08-01 13:37:00,26.7,53.1,6.9,41.5,277.2
2025-08-01 14:20:00,26.3,58.8,7.0,42.1,277.5
2025-08-01 15:03:00,25.8,59.2,7.0,42.3,275.1
2025-08-01 15:46:00,26.3,55.7,7.1,41.0,275.0
2025-08-01 16:29:00,26.0,57.4,6.9,41.9,278.5
2025-08-01 17:12:00,26.1,55.7,6.8,45.8,281.4
2025-08-01 17:55:00,26.7,52.7,7.0,41.8,273.8
2025-08-01 18:38:00,27.2,54.5,7.0,42.2,281.0
2025-08-01 19:21:00,26.6,55.6,7.0,42.2,270.9
2025-08-01 20:04:00,25.8,54.4,6.9,42.4,275.5
2025-08-01 20:47:00,26.6,54.9,7.0,43.2,276.5
2025-08-01 21:30:00,27.0,55.1,7.1,42.8,275.9
2025-08-01 22:13:00,26.1,55.1,7.0,42.1,281.1
2025-08-01 22:56:00,26.4,55.4,6.9,41.6,271.8
2025-08-01 23:39:00,26.4,53.1,6.9,44.2,276.5
2025-08-02 00:22:00,26.0,53.8,7.0,42.6,271.0
2025-08-02 01:05:00,26.8,52.7,7.1,43.5,275.0
2025-08-02 01:48:00,26.4,57.2,7.0,40.5,277.5
2025-08-02 02:31:00,26.6,51.0,7.0,42.8,282.4
2025-08-02 03:14:00,26.0,57.5,6.9,44.8,277.4
2025-08-02 03:57:00,26.2,58.0,7.1,41.7,277.7
2025-08-02 04:40:00,26.8,54.6,7.2,41.4,275.7
2025-08-02 05:23:00,26.3,50.0,7.0,42.7,275.8
2025-08-02 06:06:00,27.3,54.4,7.0,42.0,272.5
2025-08-02 06:49:00,26.3,55.0,7.0,42.3,277.5
2025-08-02 07:32:00,26.6,53.1,6.7,43.4,276.2
2025-08-02 08:15:00,26.9,54.1,7.1,41.6,279.7
2025-08-02 08:58:00,25.8,58.2,7.0,43.7,275.4
2025-08-02 09:41:00,25.6,56.5,7.0,42.8,279.3
2025-08-02 10:24:00,25.7,53.3,6.9,43.2,276.6
2025-08-02 11:07:00,27.1,51.9,7.0,43.6,278.7
2025-08-02 11:50:00,26.2,54.4,6.9,42.5,278.0
2025-08-02 12:33:00,27.8,54.7,7.1,41.3,275.0
2025-08-02 13:16:00,26.2,56.1,7.0,42.1,275.7
2025-08-02 13:59:00,26.6,54.0,7.2,41.5,274.8
2025-08-02 14:42:00,27.3,56.1,7.0,41.3,272.9
2025-08-02 15:25:00,27.5,58.9,6.9,42.7,274.1
2025-08-02 16:08:00,27.5,56.7,7.0,42.1,280.1
2025-08-02 16:51:00,27.1,54.9,6.9,45.0,279.7
2025-08-02 17:34:00,27.0,54.6,6.8,40.8,280.1
2025-08-02 18:17:00,26.8,54.3,7.2,41.5,279.2
2025-08-02 19:00:00,26.9,57.4,7.1,43.9,274.2
2025-08-02 19:43:00,26.2,53.7,7.1,42.3,279.9
2025-08-02 20:26:00,26.1,55.1,7.0,43.2,276.7
2025-08-02 21:09:00,26.5,55.1,6.9,43.3,275.4
2025-08-02 21:52:00,26.4,53.9,7.0,42.1,282.9
2025-08-02 22:35:00,26.3,52.2,7.1,39.8,278.7
2025-08-02 23:18:00,26.9,55.6,6.9,43.2,277.5
2025-08-03 00:01:00,27.0,54.8,6.8,43.0,282.4
2025-08-03 00:44:00,26.6,55.9,7.0,41.8,275.3
2025-08-03 01:27:00,27.3,53.8,7.0,42.0,279.3
2025-08-03 02:10:00,26.0,57.3,7.0,44.1,268.5
2025-08-03 02:53:00,26.4,53.1,7.1,44.5,272.5
2025-08-03 03:36:00,26.2,58.3,7.1,42.3,277.6
2025-08-03 04:19:00,25.6,51.4,7.0,41.8,275.9
2025-08-03 05:02:00,26.5,55.7,7.1,40.7,275.0
2025-08-03 05:45:00,26.5,55.8,6.9,43.6,274.3
2025-08-03 06:28:00,27.3,53.2,7.1,43.9,281.4
2025-08-03 07:11:00,26.9,55.7,7.1,41.9,278.7
2025-08-03 07:54:00,26.0,57.4,6.9,40.6,277.0
2025-08-03 08:37:00,27.5,50.4,6.9,43.8,278.2
2025-08-03 09:20:00,27.2,55.8,6.9,43.8,280.2
2025-08-03 10:03:00,26.9,49.8,7.0,41.1,284.2
2025-08-03 10:46:00,26.5,52.8,7.1,42.2,278.3
2025-08-03 11:29:00,26.1,58.0,7.0,43.1,283.0
2025-08-03 12:12:00,26.4,53.6,6.9,42.7,274.9
2025-08-03 12:55:00,27.1,52.4,7.0,41.9,275.1
2025-08-03 13:38:00,27.5,54.3,7.1,42.8,271.0
2025-08-03 14:21:00,27.4,58.9,7.0,42.0,276.6
2025-08-03 15:04:00,26.3,51.0,7.0,41.0,277.7
2025-08-03 15:47:00,26.0,52.6,7.0,40.4,276.2
2025-08-03 16:30:00,26.7,57.7,7.2,43.0,276.0
2025-08-03 17:13:00,25.7,58.4,7.0,43.3,280.2
2025-08-03 17:56:00,26.8,54.5,7.2,41.8,269.6
2025-08-03 18:39:00,26.5,52.2,7.1,41.8,274.4
2025-08-03 19:22:00,26.4,58.8,7.0,41.9,277.9
2025-08-03 20:05:00,25.8,57.8,7.3,40.0,270.2
2025-08-03 20:48:00,26.9,56.0,6.9,42.4,274.9
2025-08-03 21:31:00,26.3,53.0,7.0,40.4,279.9
2025-08-03 22:14:00,26.0,54.5,6.9,42.2,274.0
2025-08-03 22:57:00,25.2,54.3,7.1,41.5,273.7
2025-08-03 23:40:00,26.6,55.3,7.2,42.1,274.3
2025-08-04 00:23:00,27.5,57.5,7.2,41.4,271.2
2025-08-04 01:06:00,27.5,56.3,7.2,42.5,276.1
2025-08-04 01:49:00,26.4,52.4,7.0,43.7,275.0
2025-08-04 02:32:00,26.3,57.3,7.0,43.5,280.1
2025-08-04 03:15:00,26.9,55.2,6.9,43.6,277.9
2025-08-04 03:58:00,26.1,55.9,7.3,41.3,274.6
2025-08-04 04:41:00,26.8,57.5,7.1,41.0,276.8
2025-08-04 05:24:00,27.0,52.3,7.0,43.2,275.2
2025-08-04 06:07:00,27.3,54.4,7.2,43.3,267.7
2025-08-04 06:50:00,26.6,53.4,7.0,43.1,278.6
2025-08-04 07:33:00,26.6,51.3,7.1,44.0,276.1
2025-08-04 08:16:00,26.2,55.2,7.0,40.8,277.6
2025-08-04 08:59:00,26.2,59.5,7.1,40.8,273.2
2025-08-04 09:42:00,26.6,50.8,7.0,43.1,275.3
2025-08-04 10:25:00,26.9,54.4,6.9,43.2,284.0
2025-08-04 11:08:00,27.1,55.7,7.1,43.5,271.0
2025-08-04 11:51:00,26.3,54.7,7.2,41.7,276.3
2025-08-04 12:34:00,27.4,54.2,7.1,41.4,274.1
2025-08-04 13:17:00,26.5,51.8,7.1,41.6,274.1
2025-08-04 14:00:00,26.7,54.9,7.0,41.2,276.2
2025-08-04 14:43:00,26.3,52.9,7.1,41.1,273.6
2025-08-04 15:26:00,25.5,50.0,7.0,43.5,279.2
2025-08-04 16:09:00,27.1,56.8,7.1,42.7,278.2
2025-08-04 16:52:00,27.1,56.3,7.1,42.5,276.6
2025-08-04 17:35:00,26.6,54.4,7.1,40.1,274.9
2025-08-04 18:18:00,26.7,54.8,7.2,41.3,270.9
2025-08-04 19:01:00,27.0,56.5,7.1,40.6,275.7
2025-08-04 19:44:00,25.9,54.8,7.1,43.2,281.6
2025-08-04 20:27:00,26.4,56.1,7.0,42.1,275.6
2025-08-04 21:10:00,27.1,53.7,7.1,41.1,274.6
2025-08-04 21:53:00,26.1,56.9,7.0,42.4,274.2
2025-08-04 22:36:00,26.9,54.9,7.0,41.7,274.5
2025-08-04 23:19:00,26.0,54.7,7.0,43.8,267.8
2025-08-05 00:02:00,27.0,51.7,7.0,41.9,278.7
2025-08-05 00:45:00,26.7,54.8,6.9,41.7,275.8
2025-08-05 01:28:00,25.9,52.6,7.0,40.3,272.0
2025-08-05 02:11:00,27.3,52.9,7.1,42.0,277.7
2025-08-05 02:54:00,26.4,52.6,6.9,42.2,274.6
2025-08-05 03:37:00,26.3,52.1,7.1,40.7,274.8
2025-08-05 04:20:00,26.8,58.4,7.3,42.3,276.1
2025-08-05 05:03:00,27.3,56.8,7.2,42.2,269.1
2025-08-05 05:46:00,26.2,58.0,7.2,41.2,267.6
2025-08-05 06:29:00,26.8,51.7,7.1,43.2,276.1
2025-08-05 07:12:00,27.0,54.3,7.2,42.2,277.1
2025-08-05 07:55:00,27.1,51.6,7.0,41.6,272.3
2025-08-05 08:38:00,26.8,52.7,7.0,41.3,277.8
2025-08-05 09:21:00,26.6,52.3,6.8,44.2,281.6
2025-08-05 10:04:00,26.4,56.6,7.2,41.9,266.9
2025-08-05 10:47:00,26.8,53.3,7.2,41.5,275.6
2025-08-05 11:30:00,26.2,56.2,7.0,41.5,278.4
2025-08-05 12:13:00,25.3,55.3,7.1,42.8,274.5
2025-08-05 12:56:00,27.0,58.7,7.0,41.7,279.3
2025-08-05 13:39:00,27.2,51.1,7.1,41.7,278.7
2025-08-05 14:22:00,25.6,56.6,7.2,42.9,273.4
2025-08-05 15:05:00,26.3,56.3,6.9,42.2,276.1
2025-08-05 15:48:00,27.1,52.1,7.1,40.2,272.1
2025-08-05 16:31:00,27.8,56.0,7.1,41.1,275.1
2025-08-05 17:14:00,26.8,54.7,7.1,42.9,276.6
2025-08-05 17:57:00,26.4,53.5,7.1,42.0,273.6
2025-08-05 18:40:00,26.7,52.3,7.1,42.0,269.2
2025-08-05 19:23:00,27.5,52.5,7.1,41.5,279.4
2025-08-05 20:06:00,26.5,58.1,7.1,42.6,275.2
2025-08-05 20:49:00,26.4,54.0,7.2,40.6,272.6
2025-08-05 21:32:00,26.6,55.5,7.1,42.1,276.8
2025-08-05 22:15:00,26.3,52.4,7.1,41.1,279.7
2025-08-05 22:58:00,26.9,52.4,7.0,41.7,268.9
2025-08-05 23:41:00,27.6,56.1,7.1,41.5,276.5
2025-08-06 00:24:00,27.0,51.2,7.2,41.1,270.0
2025-08-06 01:07:00,26.7,53.1,7.1,41.9,276.7
2025-08-06 01:50:00,26.7,54.0,7.2,41.9,274.4
2025-08-06 02:33:00,26.1,54.1,7.3,37.4,274.3
2025-08-06 03:16:00,27.3,53.5,7.2,40.6,272.0
2025-08-06 03:59:00,26.8,54.7,7.1,41.5,269.1
2025-08-06 04:42:00,26.8,55.2,7.1,43.7,274.1
2025-08-06 05:25:00,28.4,55.3,6.9,42.1,279.8
2025-08-06 06:08:00,27.0,51.9,7.1,42.2,278.7
2025-08-06 06:51:00,26.5,53.3,7.1,43.6,272.1
2025-08-06 07:34:00,26.6,56.2,7.2,40.4,277.0
2025-08-06 08:17:00,27.4,55.6,7.1,42.4,272.9
2025-08-06 09:00:00,26.9,51.0,7.1,41.3,277.0
2025-08-06 09:43:00,26.1,54.5,6.9,42.3,275.9
2025-08-06 10:26:00,27.3,49.8,7.0,41.6,277.7
2025-08-06 11:09:00,26.5,53.9,7.2,40.9,276.8
2025-08-06 11:52:00,27.8,57.5,7.3,43.7,267.9
2025-08-06 12:35:00,27.4,51.8,7.1,42.8,273.4
2025-08-06 13:18:00,26.7,52.1,7.2,42.8,275.2
2025-08-06 14:01:00,27.5,55.2,7.2,41.9,280.3
2025-08-06 14:44:00,26.9,50.6,7.0,40.7,274.1
2025-08-06 15:27:00,27.3,52.4,7.2,42.1,280.6
2025-08-06 16:10:00,27.1,54.9,7.1,43.3,281.7
2025-08-06 16:53:00,26.5,52.4,7.2,40.6,273.5
2025-08-06 17:36:00,26.6,53.2,7.1,42.7,273.7
2025-08-06 18:19:00,27.4,55.2,7.2,42.4,271.9
2025-08-06 19:02:00,26.7,54.5,7.1,44.1,275.5
2025-08-06 19:45:00,26.7,54.2,7.2,41.0,269.3
2025-08-06 20:28:00,26.4,53.0,7.3,39.7,271.5
2025-08-06 21:11:00,27.1,54.4,7.0,42.0,280.6
2025-08-06 21:54:00,27.9,53.4,7.1,43.4,273.4
2025-08-06 22:37:00,26.4,54.5,7.2,39.9,273.4
2025-08-06 23:20:00,26.9,52.6,7.2,39.3,268.6
2025-08-07 00:03:00,27.6,53.2,7.1,42.2,276.7
2025-08-07 00:46:00,26.9,51.6,6.9,42.8,280.1
2025-08-07 01:29:00,27.2,53.5,7.3,41.1,272.8
2025-08-07 02:12:00,26.4,51.9,7.2,42.3,273.2
2025-08-07 02:55:00,27.2,51.3,7.0,42.1,276.8
2025-08-07 03:38:00,26.8,54.0,7.1,40.2,276.9
2025-08-07 04:21:00,27.4,53.9,7.3,43.0,272.1
2025-08-07 05:04:00,27.5,55.1,7.3,40.0,273.0
2025-08-07 05:47:00,28.2,52.6,7.2,40.2,274.0
2025-08-07 06:30:00,27.2,54.3,7.1,42.9,278.0
2025-08-07 07:13:00,27.1,54.6,7.2,41.3,276.2
2025-08-07 07:56:00,27.1,54.4,7.1,41.7,275.1
2025-08-07 08:39:00,26.8,51.8,7.3,41.6,277.7
2025-08-07 09:22:00,27.1,53.8,7.1,43.2,277.0
2025-08-07 10:05:00,26.8,54.2,7.1,41.8,279.5
2025-08-07 10:48:00,27.1,53.4,7.3,42.7,274.8
2025-08-07 11:31:00,27.6,49.2,7.2,39.6,269.8
2025-08-07 12:14:00,26.5,53.7,7.3,41.8,276.2
2025-08-07 12:57:00,27.5,57.8,7.1,41.2,274.9
2025-08-07 13:40:00,27.6,52.7,7.2,43.1,274.5
2025-08-07 14:23:00,26.9,51.9,7.1,42.3,276.9
2025-08-07 15:06:00,25.9,54.1,7.2,41.0,273.2
2025-08-07 15:49:00,26.7,54.0,7.0,43.1,277.1
2025-08-07 16:32:00,27.6,55.7,7.1,42.8,272.8
2025-08-07 17:15:00,27.0,50.8,7.0,43.0,280.8
2025-08-07 17:58:00,26.5,54.8,7.2,40.3,272.7
2025-08-07 18:41:00,26.8,54.5,7.2,40.8,271.9
2025-08-07 19:24:00,27.4,53.0,7.0,42.5,274.2
2025-08-07 20:07:00,27.3,54.0,7.3,40.9,273.0
2025-08-07 20:50:00,26.9,55.4,7.4,41.1,270.7
2025-08-07 21:33:00,26.8,55.0,7.2,39.6,275.0
2025-08-07 22:16:00,26.8,51.0,7.1,42.3,272.6
2025-08-07 22:59:00,26.6,54.9,7.5,39.9,264.9
2025-08-07 23:42:00,27.8,53.1,7.0,41.4,278.1
2025-08-08 00:25:00,26.9,53.4,7.2,40.9,278.6
2025-08-08 01:08:00,27.6,53.4,7.2,41.3,270.8
2025-08-08 01:51:00,27.8,52.9,7.3,37.3,277.0
2025-08-08 02:34:00,27.5,55.6,7.2,40.7,274.0
2025-08-08 03:17:00,26.8,53.0,7.1,41.0,274.9
2025-08-08 04:00:00,27.2,51.0,7.1,42.6,274.8
2025-08-08 04:43:00,27.0,52.4,7.1,41.0,270.7
2025-08-08 05:26:00,26.6,53.5,7.1,41.9,278.5
2025-08-08 06:09:00,27.2,55.6,7.2,43.1,271.2
2025-08-08 06:52:00,26.5,54.4,7.1,42.9,272.4
2025-08-08 07:35:00,27.7,51.4,7.0,43.2,279.6
2025-08-08 08:18:00,26.8,58.1,7.3,40.4,265.5
2025-08-08 09:01:00,27.2,53.7,7.1,42.4,270.1
2025-08-08 09:44:00,27.2,55.7,7.1,42.0,275.4
2025-08-08 10:27:00,26.9,52.8,7.2,41.4,275.2
2025-08-08 11:10:00,27.4,54.2,7.2,41.9,275.2
2025-08-08 11:53:00,26.8,54.8,7.0,41.8,275.4
2025-08-08 12:36:00,27.5,55.5,7.2,42.9,280.6
2025-08-08 13:19:00,26.4,55.2,7.1,41.9,274.4
2025-08-08 14:02:00,27.1,54.8,7.4,41.3,270.4
2025-08-08 14:45:00,28.1,52.4,7.2,42.7,270.9
2025-08-08 15:28:00,26.6,51.9,7.2,42.7,275.1
2025-08-08 16:11:00,26.8,53.7,7.1,40.5,276.8
2025-08-08 16:54:00,27.4,54.9,7.2,42.0,277.3
2025-08-08 17:37:00,27.2,52.6,7.3,42.0,268.6
2025-08-08 18:20:00,27.3,55.1,7.2,42.4,272.8
2025-08-08 19:03:00,27.4,55.9,7.2,40.5,275.0
2025-08-08 19:46:00,27.4,51.1,7.2,40.8,275.9
2025-08-08 20:29:00,27.7,51.3,7.1,42.8,275.1
2025-08-08 21:12:00,27.3,52.7,7.2,40.9,276.0
2025-08-08 21:55:00,27.0,53.6,7.0,42.2,274.4
2025-08-08 22:38:00,27.5,51.9,7.3,42.6,277.2
2025-08-08 23:21:00,28.1,55.6,7.2,41.3,275.8
2025-08-09 00:04:00,27.1,53.8,7.1,41.1,270.7
2025-08-09 00:47:00,26.6,53.0,7.4,39.6,267.7
2025-08-09 01:30:00,27.7,50.0,7.2,41.7,271.1
2025-08-09 02:13:00,27.1,50.2,7.1,40.6,277.9
2025-08-09 02:56:00,26.1,53.4,7.3,40.8,268.5
2025-08-09 03:39:00,27.6,48.6,7.3,41.6,273.0
2025-08-09 04:22:00,26.9,54.9,7.3,42.5,274.1
2025-08-09 05:05:00,27.1,52.5,7.2,42.3,274.2
2025-08-09 05:48:00,27.3,59.3,7.3,40.5,272.5
2025-08-09 06:31:00,27.2,57.4,7.2,42.7,269.9
2025-08-09 07:14:00,27.5,52.4,7.3,40.8,274.7
2025-08-09 07:57:00,26.9,52.6,7.0,41.1,274.7
2025-08-09 08:40:00,27.4,54.8,7.2,41.4,272.9
2025-08-09 09:23:00,27.0,56.2,7.4,42.0,271.1
2025-08-09 10:06:00,27.5,49.5,7.1,41.9,275.7
2025-08-09 10:49:00,27.5,49.2,7.2,41.7,275.3
2025-08-09 11:32:00,26.7,51.5,7.2,43.2,272.2
2025-08-09 12:15:00,27.7,53.9,7.1,40.5,274.3
2025-08-09 12:58:00,26.9,53.7,7.0,41.2,276.7
2025-08-09 13:41:00,27.6,54.9,7.2,39.9,269.3
2025-08-09 14:24:00,27.4,50.3,7.2,41.7,272.4
2025-08-09 15:07:00,28.1,48.1,7.2,41.5,275.7
2025-08-09 15:50:00,27.1,54.4,7.2,43.0,269.5
2025-08-09 16:33:00,27.0,51.0,7.2,41.6,277.2
2025-08-09 17:16:00,27.2,48.6,7.3,40.4,276.6
2025-08-09 17:59:00,27.1,53.0,7.2,41.4,270.0
2025-08-09 18:42:00,27.6,54.2,7.2,41.7,278.1
2025-08-09 19:25:00,26.4,52.4,7.2,39.8,273.5
2025-08-09 20:08:00,26.7,51.7,7.3,43.7,274.0
2025-08-09 20:51:00,26.7,52.3,7.4,41.1,269.9
2025-08-09 21:34:00,27.7,51.9,7.2,41.8,277.3
2025-08-09 22:17:00,28.1,49.9,7.2,41.9,275.0
2025-08-09 23:00:00,27.2,51.2,7.3,41.8,270.7
2025-08-09 23:43:00,27.1,53.6,7.1,41.6,271.1
2025-08-10 00:26:00,27.3,53.2,7.2,40.6,268.8
2025-08-10 01:09:00,27.8,52.9,7.1,42.6,276.0
2025-08-10 01:52:00,26.8,50.6,7.1,42.5,278.1
2025-08-10 02:35:00,27.4,52.2,7.3,40.3,274.8
2025-08-10 03:18:00,27.7,48.2,7.2,42.9,274.4
2025-08-10 04:01:00,27.5,52.9,7.3,41.5,269.4
2025-08-10 04:44:00,27.3,55.4,7.2,42.0,270.7
2025-08-10 05:27:00,27.8,49.6,7.2,43.1,278.8
2025-08-10 06:10:00,25.9,51.3,7.2,41.3,272.1
2025-08-10 06:53:00,27.6,53.1,7.1,42.2,275.4
2025-08-10 07:36:00,26.9,55.0,7.4,41.4,267.4
2025-08-10 08:19:00,26.3,51.6,7.1,41.2,276.4
2025-08-10 09:02:00,27.5,51.1,7.2,41.4,272.4
2025-08-10 09:45:00,28.0,48.5,7.2,41.9,278.7
2025-08-10 10:28:00,27.2,52.6,7.3,40.0,274.6
2025-08-10 11:11:00,27.8,56.5,7.2,43.7,271.3
2025-08-10 11:54:00,28.1,53.0,7.2,40.1,273.4
2025-08-10 12:37:00,27.9,52.4,7.3,39.5,270.2
2025-08-10 13:20:00,28.1,53.0,7.3,42.5,268.7
2025-08-10 14:03:00,27.7,52.4,7.3,41.6,269.8
2025-08-10 14:46:00,27.3,50.7,7.2,40.7,275.5
2025-08-10 15:29:00,26.5,54.0,7.1,42.5,275.8
2025-08-10 16:12:00,27.2,52.8,7.3,42.6,273.3
2025-08-10 16:55:00,26.9,52.4,7.2,41.3,272.6
2025-08-10 17:38:00,28.4,50.4,7.3,43.5,275.3
2025-08-10 18:21:00,27.2,54.9,7.3,39.5,272.8
2025-08-10 19:04:00,27.4,53.6,7.3,41.7,274.5
2025-08-10 19:47:00,27.6,51.2,7.1,43.1,270.3
2025-08-10 20:30:00,27.3,54.3,7.5,41.1,258.0
2025-08-10 21:13:00,28.2,51.3,7.3,41.0,274.3
2025-08-10 21:56:00,27.0,50.7,7.3,40.5,267.9
2025-08-10 22:39:00,27.4,50.7,7.2,42.0,273.9
2025-08-10 23:22:00,27.0,48.7,7.3,41.8,272.3
2025-08-11 00:05:00,26.7,53.2,7.1,42.4,279.4
2025-08-11 00:48:00,27.0,48.6,7.3,41.9,274.2
2025-08-11 01:31:00,27.3,49.8,7.2,40.3,274.4
2025-08-11 02:14:00,27.1,48.1,7.3,40.9,276.2
2025-08-11 02:57:00,27.0,52.0,7.3,39.8,273.0
2025-08-11 03:40:00,26.6,51.9,7.2,41.3,273.4
2025-08-11 04:23:00,27.3,51.5,7.2,42.4,277.2
2025-08-11 05:06:00,26.6,50.1,7.3,41.0,269.2
2025-08-11 05:49:00,27.7,49.8,7.5,42.6,271.1
2025-08-11 06:32:00,27.4,53.1,7.3,41.3,268.2
2025-08-11 07:15:00,26.6,51.0,7.3,40.8,272.7
2025-08-11 07:58:00,27.2,52.8,7.3,41.2,273.4
2025-08-11 08:41:00,27.0,50.4,7.5,39.5,275.2
2025-08-11 09:24:00,27.5,52.5,7.1,41.9,270.6
2025-08-11 10:07:00,28.0,54.7,7.3,42.1,270.3
2025-08-11 10:50:00,26.4,53.3,7.1,42.0,277.4
2025-08-11 11:33:00,27.4,51.3,7.0,41.5,277.6
2025-08-11 12:16:00,27.3,52.6,7.3,40.0,272.7
2025-08-11 12:59:00,27.7,51.6,7.3,40.5,269.7
2025-08-11 13:42:00,27.5,52.1,7.3,41.2,271.3
2025-08-11 14:25:00,27.0,51.4,7.3,42.3,276.7
2025-08-11 15:08:00,27.2,51.7,7.6,38.1,267.9
2025-08-11 15:51:00,27.0,52.4,7.3,40.8,274.1
2025-08-11 16:34:00,27.9,50.0,7.3,40.9,271.9
2025-08-11 17:17:00,27.4,50.0,7.2,39.5,270.4
2025-08-11 18:00:00,28.4,49.2,7.3,40.0,275.5
2025-08-11 18:43:00,27.4,48.8,7.3,40.4,275.1
2025-08-11 19:26:00,27.1,49.5,7.3,40.4,280.6
2025-08-11 20:09:00,26.7,52.3,7.5,40.3,266.7
2025-08-11 20:52:00,26.5,50.2,7.4,40.2,273.6
2025-08-11 21:35:00,26.6,53.0,7.3,40.3,268.2
2025-08-11 22:18:00,27.6,52.0,7.1,42.5,276.4
2025-08-11 23:01:00,27.7,48.0,7.3,42.9,276.8
2025-08-11 23:44:00,26.6,53.2,7.6,41.2,262.0
2025-08-12 00:27:00,27.9,53.5,7.3,39.1,271.9
2025-08-12 01:10:00,27.2,49.9,7.4,41.0,269.5
2025-08-12 01:53:00,27.5,52.7,7.5,40.0,268.0
2025-08-12 02:36:00,28.2,50.2,7.3,41.0,273.6
2025-08-12 03:19:00,27.9,52.1,7.2,41.0,277.0
2025-08-12 04:02:00,27.3,49.3,7.1,42.3,276.2
2025-08-12 04:45:00,27.0,48.3,7.4,40.7,272.7
2025-08-12 05:28:00,26.4,51.1,7.2,40.7,274.1
2025-08-12 06:11:00,27.1,51.6,7.3,39.9,272.2
2025-08-12 06:54:00,27.4,51.0,7.2,41.1,271.1
2025-08-12 07:37:00,27.0,49.4,7.3,41.3,276.5
2025-08-12 08:20:00,27.4,51.0,7.3,41.5,273.3
2025-08-12 09:03:00,27.5,52.3,7.3,41.6,273.0
2025-08-12 09:46:00,27.4,51.7,7.2,40.9,271.6
2025-08-12 10:29:00,27.1,52.1,7.4,40.6,269.0
2025-08-12 11:12:00,27.6,50.4,7.3,42.1,272.9
2025-08-12 11:55:00,27.7,54.1,7.2,42.9,269.7
2025-08-12 12:38:00,26.9,49.4,7.3,40.9,267.8
2025-08-12 13:21:00,28.2,52.7,7.3,40.6,270.2
2025-08-12 14:04:00,27.4,54.1,7.3,41.0,273.1
2025-08-12 14:47:00,27.5,52.7,7.5,39.0,268.0
2025-08-12 15:30:00,27.8,51.3,7.3,40.8,269.6
2025-08-12 16:13:00,27.6,50.6,7.3,41.6,270.1
2025-08-12 16:56:00,28.0,53.7,7.2,42.0,272.0
2025-08-12 17:39:00,27.6,48.8,7.4,40.1,270.4
2025-08-12 18:22:00,27.2,49.7,7.4,41.0,278.8
2025-08-12 19:05:00,27.7,50.8,7.3,40.2,276.1
2025-08-12 19:48:00,26.9,54.1,7.1,42.5,277.6
2025-08-12 20:31:00,27.6,52.4,7.5,40.0,273.3
2025-08-12 21:14:00,27.5,49.7,7.2,41.1,271.3
2025-08-12 21:57:00,27.4,51.0,7.3,40.7,269.4
2025-08-12 22:40:00,27.5,50.4,7.4,40.6,268.5
2025-08-12 23:23:00,26.6,50.2,7.2,40.9,278.1
2025-08-13 00:06:00,27.3,53.5,7.2,42.2,272.2
2025-08-13 00:49:00,27.6,48.8,7.1,41.4,272.0
2025-08-13 01:32:00,27.6,54.8,7.4,42.0,269.0
2025-08-13 02:15:00,27.0,53.2,7.3,42.5,271.8
2025-08-13 02:58:00,28.2,53.7,7.6,38.4,268.0
2025-08-13 03:41:00,27.1,50.6,7.2,41.3,274.4
2025-08-13 04:24:00,28.0,51.2,7.3,40.6,270.9
2025-08-13 05:07:00,27.8,48.6,7.3,40.7,275.4
2025-08-13 05:50:00,27.2,50.4,7.4,42.6,269.9
2025-08-13 06:33:00,28.4,52.5,7.3,40.7,272.0
2025-08-13 07:16:00,27.0,54.1,7.4,40.8,272.5
2025-08-13 07:59:00,28.0,49.2,7.3,41.8,271.9
2025-08-13 08:42:00,28.1,50.7,7.2,40.4,272.4
2025-08-13 09:25:00,27.2,51.1,7.2,40.8,276.4
2025-08-13 10:08:00,28.3,48.6,7.1,40.6,273.2
2025-08-13 10:51:00,27.4,52.6,7.3,40.1,271.2
2025-08-13 11:34:00,27.7,50.0,7.3,38.0,274.2
2025-08-13 12:17:00,27.7,51.0,7.3,41.6,279.0
2025-08-13 13:00:00,27.5,50.5,7.5,42.1,271.9
2025-08-13 13:43:00,28.0,49.8,7.5,40.2,271.7
2025-08-13 14:26:00,28.0,51.4,7.3,39.4,273.9
2025-08-13 15:09:00,26.7,50.9,7.2,40.9,271.3
2025-08-13 15:52:00,28.2,50.6,7.3,40.5,273.1
2025-08-13 16:35:00,26.8,49.9,7.3,40.0,272.8
2025-08-13 17:18:00,28.1,52.0,7.3,41.9,273.6
2025-08-13 18:01:00,28.2,54.6,7.3,41.8,272.5
2025-08-13 18:44:00,27.1,51.6,7.3,39.8,273.8
2025-08-13 19:27:00,27.4,53.3,7.3,41.6,270.9
2025-08-13 20:10:00,27.1,48.5,7.3,42.5,273.4
2025-08-13 20:53:00,27.5,51.6,7.4,42.4,267.6
2025-08-13 21:36:00,27.5,49.1,7.4,43.3,270.6
2025-08-13 22:19:00,28.0,48.3,7.3,40.2,277.8
2025-08-13 23:02:00,28.3,49.8,7.5,42.8,271.0
2025-08-13 23:45:00,28.3,53.6,7.3,40.8,272.5
2025-08-14 00:28:00,27.3,53.1,7.2,40.8,279.3
2025-08-14 01:11:00,27.5,51.7,7.4,40.7,266.8
2025-08-14 01:54:00,26.8,48.1,7.3,40.4,270.1
2025-08-14 02:37:00,27.2,50.8,7.4,40.8,276.3
2025-08-14 03:20:00,28.1,51.8,7.1,40.5,275.2
2025-08-14 04:03:00,28.5,51.5,7.5,39.7,268.6
2025-08-14 04:46:00,27.0,47.5,7.5,41.5,267.7
2025-08-14 05:29:00,27.4,49.4,7.2,41.3,275.5
2025-08-14 06:12:00,27.6,51.0,7.2,41.5,275.4
2025-08-14 06:55:00,27.8,52.2,7.6,40.2,265.5
2025-08-14 07:38:00,27.3,46.7,7.3,42.1,273.0
2025-08-14 08:21:00,27.9,50.8,7.3,39.3,271.8
2025-08-14 09:04:00,27.4,51.4,7.2,42.3,275.6
2025-08-14 09:47:00,27.7,52.8,7.4,40.5,268.3
2025-08-14 10:30:00,27.9,52.5,7.4,40.8,275.2
2025-08-14 11:13:00,27.7,52.2,7.5,41.2,272.8
2025-08-14 11:56:00,27.5,49.5,7.3,40.0,272.7
2025-08-14 12:39:00,27.6,47.2,7.2,40.3,273.8
2025-08-14 13:22:00,27.6,50.3,7.4,38.4,270.4
2025-08-14 14:05:00,27.5,53.0,7.5,39.5,267.1
2025-08-14 14:48:00,27.6,53.8,7.2,42.6,271.8
2025-08-14 15:31:00,28.5,52.4,7.5,39.8,268.6
2025-08-14 16:14:00,28.0,51.9,7.4,39.1,275.9
2025-08-14 16:57:00,27.6,51.8,7.5,39.5,272.4
2025-08-14 17:40:00,28.1,49.9,7.4,39.0,274.4
2025-08-14 18:23:00,27.5,50.7,7.1,40.6,276.2
2025-08-14 19:06:00,28.3,54.3,7.4,41.0,267.5
2025-08-14 19:49:00,27.9,49.1,7.5,38.8,269.9
2025-08-14 20:32:00,27.7,54.2,7.3,42.0,274.8
2025-08-14 21:15:00,27.9,50.3,7.4,40.6,268.2
2025-08-14 21:58:00,26.9,53.6,7.4,40.6,272.9
2025-08-14 22:41:00,27.2,48.1,7.1,41.6,283.1
2025-08-14 23:24:00,27.1,52.1,7.6,40.4,271.6
2025-08-15 00:07:00,27.8,49.4,7.3,41.7,277.1
2025-08-15 00:50:00,28.6,48.1,7.5,40.5,271.6
2025-08-15 01:33:00,28.9,51.3,7.4,41.0,274.1
2025-08-15 02:16:00,28.1,52.9,7.5,39.6,266.7
2025-08-15 02:59:00,28.0,49.2,7.5,40.8,273.2
2025-08-15 03:42:00,26.8,47.9,7.4,40.2,274.0
2025-08-15 04:25:00,27.5,50.7,7.3,40.9,273.3
2025-08-15 05:08:00,27.4,50.7,7.5,39.7,273.9
2025-08-15 05:51:00,27.4,51.9,7.2,40.9,272.0
2025-08-15 06:34:00,27.7,52.7,7.5,39.4,269.1
2025-08-15 07:17:00,27.5,50.7,7.3,41.4,273.0
2025-08-15 08:00:00,26.8,54.5,7.5,41.1,265.3
2025-08-15 08:43:00,28.1,51.2,7.4,41.5,271.4
2025-08-15 09:26:00,27.2,50.1,7.5,38.8,265.0
2025-08-15 10:09:00,27.9,47.5,7.4,41.6,274.7
2025-08-15 10:52:00,28.8,50.2,7.2,40.9,273.8
2025-08-15 11:35:00,27.3,50.1,7.3,41.4,270.8
2025-08-15 12:18:00,26.5,52.7,7.5,39.1,267.1
2025-08-15 13:01:00,27.6,51.6,7.4,40.4,269.8
2025-08-15 13:44:00,28.3,48.4,7.5,40.1,271.7
2025-08-15 14:27:00,28.8,51.0,7.5,38.7,271.9
2025-08-15 15:10:00,27.2,52.0,7.3,41.4,270.0
2025-08-15 15:53:00,28.0,53.7,7.4,42.1,268.9
2025-08-15 16:36:00,27.6,52.4,7.4,40.1,272.3
2025-08-15 17:19:00,27.7,52.2,7.2,42.8,271.9
2025-08-15 18:02:00,29.1,50.8,7.6,39.3,268.5
2025-08-15 18:45:00,27.1,51.4,7.5,40.9,270.4
2025-08-15 19:28:00,27.9,53.1,7.6,37.5,269.4
2025-08-15 20:11:00,28.0,48.0,7.3,43.5,276.3
2025-08-15 20:54:00,28.4,49.9,7.6,41.2,265.3
2025-08-15 21:37:00,27.9,49.1,7.7,38.9,262.0
2025-08-15 22:20:00,28.0,51.3,7.3,39.0,270.9
2025-08-15 23:03:00,27.6,53.0,7.5,40.2,274.5
2025-08-15 23:46:00,28.0,49.4,7.4,38.8,277.0
2025-08-16 00:29:00,27.7,45.8,7.3,41.5,279.5
2025-08-16 01:12:00,28.1,49.7,7.5,40.4,269.6
2025-08-16 01:55:00,27.7,52.4,7.5,38.9,263.7
2025-08-16 02:38:00,28.0,51.6,7.4,41.7,264.3
2025-08-16 03:21:00,27.8,51.4,7.6,40.5,266.9
2025-08-16 04:04:00,28.4,50.0,7.3,42.1,272.7
2025-08-16 04:47:00,27.8,47.9,7.3,41.0,277.3
2025-08-16 05:30:00,27.0,51.5,7.5,38.8,272.8
2025-08-16 06:13:00,28.5,48.8,7.5,41.2,271.6
2025-08-16 06:56:00,27.4,54.8,7.4,40.3,268.1
2025-08-16 07:39:00,27.5,51.6,7.5,38.4,266.3
2025-08-16 08:22:00,27.6,49.3,7.5,41.3,270.8
2025-08-16 09:05:00,28.6,49.2,7.5,41.9,271.6
2025-08-16 09:48:00,26.8,50.2,7.4,40.2,272.0
2025-08-16 10:31:00,29.4,49.9,7.5,42.1,266.6
2025-08-16 11:14:00,28.4,52.6,7.4,40.5,272.7
2025-08-16 11:57:00,28.0,50.8,7.7,38.8,268.6
2025-08-16 12:40:00,27.9,48.9,7.4,40.0,268.8
2025-08-16 13:23:00,28.0,54.2,7.7,40.8,264.2
2025-08-16 14:06:00,28.1,50.5,7.5,39.4,272.5
2025-08-16 14:49:00,28.2,51.9,7.3,41.6,271.5
2025-08-16 15:32:00,28.2,49.1,7.6,38.9,273.4
2025-08-16 16:15:00,27.9,51.1,7.5,39.6,271.6
2025-08-16 16:58:00,27.8,51.0,7.6,40.8,267.6
2025-08-16 17:41:00,27.8,46.5,7.6,39.2,269.3
2025-08-16 18:24:00,27.8,54.3,7.5,39.6,269.3
2025-08-16 19:07:00,28.5,52.9,7.4,41.6,268.6
2025-08-16 19:50:00,28.2,49.5,7.6,41.3,266.3
2025-08-16 20:33:00,26.4,48.1,7.5,40.8,272.9
2025-08-16 21:16:00,28.2,51.0,7.5,39.1,271.7
2025-08-16 21:59:00,28.0,50.4,7.3,40.7,275.3
2025-08-16 22:42:00,27.9,51.0,7.5,40.0,274.1
2025-08-16 23:25:00,27.7,50.6,7.4,40.8,269.6
2025-08-17 00:08:00,28.5,51.2,7.6,38.3,272.6
2025-08-17 00:51:00,28.4,53.1,7.5,40.5,266.1
2025-08-17 01:34:00,27.6,51.3,7.5,40.1,266.6
2025-08-17 02:17:00,28.1,48.1,7.5,38.1,264.7
2025-08-17 03:00:00,27.5,52.9,7.4,39.7,269.9
2025-08-17 03:43:00,27.3,53.5,7.6,38.8,265.6
2025-08-17 04:26:00,27.6,56.5,7.7,39.0,267.6
2025-08-17 05:09:00,28.4,47.9,7.5,41.8,270.8
2025-08-17 05:52:00,28.4,50.6,7.6,39.5,264.1
2025-08-17 06:35:00,28.2,46.0,7.4,39.5,270.7
2025-08-17 07:18:00,28.3,51.2,7.4,40.7,270.0
2025-08-17 08:01:00,28.2,49.0,7.5,39.7,265.0
2025-08-17 08:44:00,27.6,54.0,7.5,40.2,265.8
2025-08-17 09:27:00,28.2,48.6,7.5,40.8,268.7
2025-08-17 10:10:00,28.4,46.7,7.5,41.0,274.3
2025-08-17 10:53:00,28.4,49.1,7.5,39.9,270.4
2025-08-17 11:36:00,28.6,46.1,7.4,42.2,274.4
2025-08-17 12:19:00,28.3,51.6,7.5,40.7,264.5
2025-08-17 13:02:00,28.2,45.9,7.6,38.9,273.2
2025-08-17 13:45:00,28.5,50.1,7.5,42.1,273.7
2025-08-17 14:28:00,28.0,45.9,7.6,39.8,263.1
2025-08-17 15:11:00,27.6,49.4,7.4,39.8,269.9
2025-08-17 15:54:00,27.9,53.3,7.5,41.4,270.1
2025-08-17 16:37:00,27.6,50.7,7.4,42.7,273.5
